,target,predicted,name
0,0.88,0.9877769351005554,EHEE
1,1.42,1.3830845355987549,HHH
2,0.57,0.6766690015792847,HHH
3,0.8,0.8370393514633179,EHEE
4,0.29,0.2633845806121826,EEHEE
5,1.7,1.6350157260894775,EEHEE
6,0.76,0.8109942674636841,EEHEE
7,0.83,0.9885185360908508,EEHEE
8,1.18,1.029085397720337,EEHEE
9,1.15,0.859524667263031,HHH
10,1.71,1.7293431758880615,EEHEE
11,1.25,1.1373546123504639,HEEH
12,0.79,0.8549294471740723,EEHEE
13,1.21,1.1837661266326904,EHEE
14,1.7,1.6920831203460693,EEHEE
15,1.18,1.035887598991394,EHEE
16,0.91,0.8321232199668884,EEHEE
17,0.9,0.8041937947273254,HEEH
18,1.04,0.9975597858428955,HHH
19,0.9,0.8887200355529785,HEEH
20,1.23,1.0509467124938965,EEHEE
21,0.85,0.6601182818412781,HEEH
22,1.36,1.4037368297576904,EEHEE
23,0.62,0.6927146315574646,EHEE
24,0.89,0.7959380745887756,EHEE
25,1.2,1.558248519897461,HEEH
26,1.67,1.7017202377319336,HEEH
27,0.16,0.4563283920288086,EEHEE
28,1.08,0.9493138194084167,HHH
29,0.76,0.6060941219329834,HEEH
30,1.65,1.6936352252960205,EHEE
31,0.87,0.6710228323936462,HEEH
32,0.57,0.6118026971817017,EEHEE
33,1.03,1.0129616260528564,EHEE
34,0.79,0.7799171209335327,EHEE
35,1.73,1.7303540706634521,HHH
36,1.8,1.6645071506500244,EHEE
37,1.18,1.1138343811035156,EEHEE
38,1.09,1.0021369457244873,EHEE
39,0.76,0.8074826002120972,HEEH
40,1.13,0.9676179885864258,EHEE
41,1.68,1.6086664199829102,HEEH
42,0.68,0.2889673113822937,EHEE
43,1.54,1.5475211143493652,HHH
44,0.65,0.6175937056541443,HHH
45,0.9,0.7490385174751282,HHH
46,0.63,0.6346280574798584,HHH
47,1.17,1.169323444366455,EHEE
48,1.59,1.318833351135254,HEEH
49,0.14,0.2838584780693054,HHH
50,0.51,0.2616100311279297,HEEH
51,1.38,1.7563772201538086,EHEE
52,1.69,1.253206491470337,HHH
53,1.09,1.0950953960418701,HEEH
54,0.97,0.9988052248954773,HEEH
55,1.14,1.0217828750610352,HEEH
56,0.83,0.8449814319610596,HEEH
57,0.44,0.3524695038795471,HEEH
58,0.72,0.7662996649742126,EHEE
59,0.37,0.3797348737716675,EEHEE
60,1.68,1.688319206237793,EEHEE
61,0.95,1.0040786266326904,HEEH
62,1.19,1.0520963668823242,EEHEE
63,1.24,1.1456682682037354,HHH
64,0.17,-0.006322592496871948,HHH
65,1.49,1.4232807159423828,EHEE
66,0.81,0.8337429165840149,EEHEE
67,0.26,0.6619513630867004,HHH
68,1.09,1.225003957748413,HHH
69,0.79,0.7505677938461304,HEEH
70,1.17,1.3046834468841553,EHEE
71,1.03,1.0292600393295288,HEEH
72,1.6,1.4659423828125,HEEH
73,1.06,1.0614426136016846,EHEE
74,1.1,1.0470702648162842,EHEE
75,0.99,1.000863790512085,EEHEE
76,1.09,1.14393949508667,EHEE
77,0.78,0.9498758912086487,EEHEE
78,1.26,1.281867504119873,EEHEE
79,1.22,1.0402904748916626,EHEE
80,1.15,0.9339311718940735,EEHEE
81,0.7,0.8338626027107239,HHH
82,0.57,0.8185170292854309,EHEE
83,0.85,0.8766369223594666,HEEH
84,0.44,0.6599332690238953,EEHEE
85,1.16,1.0596320629119873,EHEE
86,1.03,1.0848815441131592,EEHEE
87,1.08,0.6781028509140015,EHEE
88,1.25,1.3829543590545654,EEHEE
89,1.14,1.0112055540084839,EHEE
90,0.98,0.8265461325645447,EEHEE
91,0.61,0.6384528279304504,EEHEE
92,0.66,0.7426361441612244,EEHEE
93,1.36,1.0589005947113037,HEEH
94,1.76,1.5714123249053955,EEHEE
95,0.24,0.2500098943710327,HEEH
96,0.93,0.9556129574775696,HEEH
97,1.42,1.4696972370147705,EEHEE
98,0.94,0.9988070130348206,EEHEE
99,1.17,0.919500470161438,HHH
100,0.93,0.991877555847168,HHH
101,0.79,0.6358389258384705,HEEH
102,1.03,1.1777114868164062,HHH
103,1.05,0.9492805600166321,EEHEE
104,1.8,1.7259976863861084,HEEH
105,0.57,0.5878090858459473,EEHEE
106,0.78,0.7216891646385193,HEEH
107,1.07,1.1346969604492188,HHH
108,1.52,1.3535094261169434,EHEE
109,1.77,1.7268762588500977,EEHEE
110,1.68,1.7060227394104004,EHEE
111,1.04,0.9584073424339294,EHEE
112,1.31,1.1375606060028076,HEEH
113,0.92,0.7905443906784058,EEHEE
114,0.91,0.7045109272003174,HHH
115,0.95,0.9737447500228882,EHEE
116,0.3,0.2804074287414551,EEHEE
117,1.74,1.741715669631958,EEHEE
118,0.47,0.24044322967529297,EEHEE
119,0.12,0.06501346826553345,HEEH
120,0.87,1.006956696510315,EHEE
121,1.26,0.9172038435935974,HHH
122,1.6,1.5783827304840088,HHH
123,1.21,1.3435633182525635,EEHEE
124,0.89,0.775595486164093,EEHEE
125,0.83,0.8985194563865662,HHH
126,1.08,1.0757195949554443,HHH
127,1.03,1.0362600088119507,EHEE
128,1.27,1.0079352855682373,EHEE
129,1.23,0.9204358458518982,HEEH
130,0.79,0.6011195778846741,HHH
131,1.01,0.9050947427749634,HHH
132,1.58,1.388690710067749,HHH
133,1.0,0.9791029095649719,HHH
134,0.76,0.7231510877609253,EEHEE
135,1.08,1.122237205505371,HEEH
136,1.64,1.6990654468536377,EEHEE
137,0.78,0.8977231979370117,EEHEE
138,1.75,1.7276389598846436,HEEH
139,0.68,0.7935870885848999,HEEH
140,1.19,1.3341937065124512,EHEE
141,1.36,1.3232393264770508,EEHEE
142,0.96,0.9602248072624207,EHEE
143,1.03,1.0806260108947754,HEEH
144,1.45,1.3063647747039795,EHEE
145,0.35,1.006210207939148,EHEE
146,0.91,1.0084002017974854,HEEH
147,0.65,0.6308814287185669,HHH
148,1.09,1.1807868480682373,HEEH
149,1.17,1.248582363128662,HEEH
150,0.74,0.9451004862785339,HHH
151,0.56,0.6295177936553955,HHH
152,1.3,1.367241382598877,EEHEE
153,0.7,0.5598164200782776,EHEE
154,0.64,0.7079900503158569,EEHEE
155,0.24,0.2229197472333908,EEHEE
156,0.7,1.0218565464019775,HEEH
157,1.05,1.0175602436065674,EEHEE
158,1.75,1.7773666381835938,HEEH
159,1.81,1.713630199432373,HEEH
160,0.81,0.6547393202781677,HEEH
161,1.01,1.2054121494293213,EEHEE
162,0.86,0.6981562972068787,HEEH
163,0.77,0.8304239511489868,HEEH
164,1.51,1.5451948642730713,EHEE
165,0.87,0.931884765625,EHEE
166,0.88,0.7234629988670349,EHEE
167,0.72,0.5190294981002808,HEEH
168,0.99,0.83346027135849,HHH
169,1.11,1.0217442512512207,EHEE
170,0.42,0.411365807056427,HHH
171,1.29,1.1183838844299316,HHH
172,0.79,0.7976311445236206,HHH
173,1.04,1.0901390314102173,HEEH
174,1.07,0.9616298079490662,HEEH
175,0.36,0.2646055817604065,HEEH
176,0.67,0.8329089283943176,HEEH
177,1.02,1.0711135864257812,HEEH
178,1.59,1.439603328704834,HHH
179,0.47,0.9192807078361511,EHEE
180,0.29,0.5342196822166443,HHH
181,0.34,0.7125023007392883,EEHEE
182,0.87,0.7554106116294861,EEHEE
183,1.73,1.3079819679260254,HEEH
184,1.22,1.1809816360473633,HEEH
185,0.98,0.8651913404464722,EEHEE
186,1.18,1.2404050827026367,HHH
187,1.03,0.8836950659751892,EEHEE
188,0.71,0.7842783331871033,HHH
189,1.26,1.238659381866455,EHEE
190,0.98,1.0063140392303467,EHEE
191,1.03,0.9887300729751587,HHH
192,1.22,1.1359050273895264,HHH
193,1.13,0.7097936868667603,EHEE
194,0.74,0.7250291705131531,EEHEE
195,1.08,1.1270129680633545,HEEH
196,0.24,0.7822970151901245,EHEE
197,1.72,1.4006092548370361,HHH
198,1.59,1.4663596153259277,EEHEE
199,1.72,1.7580997943878174,EHEE
200,0.9,0.6673362851142883,EEHEE
201,1.7,1.738741159439087,EHEE
202,0.93,0.8105020523071289,HEEH
203,1.34,1.207317590713501,HEEH
204,1.36,1.3161444664001465,EEHEE
205,0.87,0.7497303485870361,EEHEE
206,0.56,0.6426241993904114,HHH
207,0.82,0.8140116930007935,EHEE
208,0.9,0.9820990562438965,EHEE
209,1.01,1.085433840751648,EEHEE
210,0.65,0.6951393485069275,EHEE
211,1.53,1.5701618194580078,EEHEE
212,0.97,0.6500388383865356,EHEE
213,0.88,0.9052069783210754,EEHEE
214,1.35,1.2623488903045654,HEEH
215,1.53,1.3178884983062744,HEEH
216,1.16,1.1317901611328125,HEEH
217,1.76,1.820871114730835,HEEH
218,0.25,0.36038142442703247,EEHEE
219,0.51,0.3227771520614624,HHH
220,0.94,0.9323985576629639,HHH
221,1.31,1.284834384918213,EHEE
222,1.43,1.5195953845977783,HEEH
223,1.07,1.0794708728790283,EHEE
224,1.47,1.6237514019012451,EEHEE
225,0.79,0.9863170385360718,HEEH
226,0.71,0.7193260192871094,EHEE
227,1.3,1.3650963306427002,HEEH
228,1.1,1.1930842399597168,HHH
229,1.24,1.155834436416626,HHH
230,1.28,1.2539253234863281,HEEH
231,1.29,1.2888209819793701,EHEE
232,1.64,1.4834620952606201,EHEE
233,1.59,1.409409523010254,EHEE
234,1.15,1.011716365814209,EEHEE
235,1.41,1.364814043045044,EHEE
236,0.74,0.7356186509132385,EEHEE
237,1.13,0.9235917925834656,HHH
238,0.85,0.8819912672042847,HHH
239,1.06,0.9306944012641907,EEHEE
240,1.09,1.3055875301361084,EHEE
241,1.52,1.0835328102111816,HEEH
242,1.71,1.7416491508483887,EEHEE
243,0.88,0.9343776702880859,HEEH
244,0.89,0.8603870272636414,HEEH
245,1.22,1.1491663455963135,EHEE
246,1.4,1.413278579711914,HHH
247,1.13,1.202052116394043,EEHEE
248,1.32,1.2481093406677246,HHH
249,0.45,0.5151726007461548,EEHEE
250,0.88,0.9060218930244446,HEEH
251,1.51,1.246675729751587,HHH
252,1.5,1.396047830581665,EEHEE
253,0.82,0.6642701625823975,HEEH
254,0.92,0.8320224285125732,HEEH
255,1.14,1.127699851989746,EEHEE
256,1.67,1.7316317558288574,HEEH
257,0.95,0.5878790616989136,EEHEE
258,0.55,0.6205887198448181,HEEH
259,0.91,0.9402222633361816,EHEE
260,0.52,0.6806612610816956,HHH
261,1.55,1.482231616973877,HEEH
262,1.54,1.4883928298950195,HEEH
263,1.75,1.7247059345245361,EHEE
264,1.54,1.6951959133148193,EHEE
265,0.25,0.332234650850296,HHH
266,1.06,1.0356526374816895,EHEE
267,1.15,0.9621592164039612,EEHEE
268,0.19,0.35268914699554443,HHH
269,0.8,0.8926988244056702,EHEE
270,1.24,0.9333193898200989,EEHEE
271,1.41,1.2340426445007324,HHH
272,0.75,0.8754921555519104,EEHEE
273,1.63,1.47873854637146,HHH
274,1.79,1.7112979888916016,EHEE
275,0.23,0.22017475962638855,EEHEE
276,0.45,0.47588610649108887,EEHEE
277,1.03,1.0932378768920898,HHH
278,0.84,0.7438919544219971,EHEE
279,0.81,0.7032369375228882,HEEH
280,0.83,1.085580587387085,HEEH
281,0.51,0.6052361726760864,HHH
282,0.89,0.73967045545578,EEHEE
283,0.77,0.8275520205497742,HHH
284,0.72,0.6795210838317871,HHH
285,1.28,1.0303144454956055,HEEH
286,1.32,1.0813645124435425,EEHEE
287,1.22,1.3862993717193604,EHEE
288,0.37,0.31956541538238525,HEEH
289,0.63,0.4836724102497101,HEEH
290,0.47,0.48281025886535645,HHH
291,1.67,1.4820661544799805,EHEE
292,0.89,0.8011286854743958,HEEH
293,1.7,1.5844836235046387,HHH
294,0.75,0.823574960231781,HHH
295,0.72,0.7044198513031006,HHH
296,1.35,1.1372027397155762,EEHEE
297,1.19,1.03216552734375,EEHEE
298,0.38,0.45176011323928833,EEHEE
299,0.19,0.4713442623615265,HHH
300,1.27,1.355306625366211,EEHEE
301,0.92,0.6909582018852234,HEEH
302,1.35,1.3869280815124512,HEEH
303,1.02,0.8896906971931458,EHEE
304,0.83,0.7797048687934875,HEEH
305,1.01,1.0140825510025024,EHEE
306,0.54,0.31777167320251465,EEHEE
307,0.2,0.2233855128288269,EHEE
308,1.63,1.726496934890747,HEEH
309,0.86,0.8627995252609253,EEHEE
310,0.53,0.7112153172492981,EEHEE
311,0.62,0.5832175016403198,HEEH
312,0.98,1.1078970432281494,HHH
313,1.31,1.3048696517944336,EEHEE
314,1.73,1.6648974418640137,EEHEE
315,0.43,0.6916748285293579,HHH
316,1.17,1.2023780345916748,EHEE
317,1.64,1.2607603073120117,HEEH
318,0.92,0.8060640096664429,EHEE
319,0.92,0.954622745513916,HHH
320,0.99,0.9077869653701782,EEHEE
321,0.39,0.36503034830093384,HEEH
322,0.45,0.532511293888092,HEEH
323,1.04,1.0069797039031982,EHEE
324,1.76,1.7342493534088135,HEEH
325,1.08,1.0274288654327393,EHEE
326,0.92,0.8046079277992249,HHH
327,1.65,1.6700959205627441,EEHEE
328,1.64,1.6528782844543457,EHEE
329,0.73,0.6436392068862915,HEEH
330,1.35,1.3732542991638184,HEEH
331,1.7,1.4916925430297852,EEHEE
332,1.08,0.9994595050811768,HHH
333,0.95,0.9107049107551575,EHEE
334,1.47,1.4243102073669434,HEEH
335,1.7,1.6687021255493164,HHH
336,0.99,0.9920015335083008,HEEH
337,0.92,1.0350167751312256,HEEH
338,1.31,1.471289873123169,HEEH
339,0.86,0.9610486626625061,EEHEE
340,1.12,1.1155142784118652,HEEH
341,1.2,1.1491994857788086,HHH
342,1.77,1.6126031875610352,EEHEE
343,1.07,0.9323110580444336,EEHEE
344,1.15,1.0612965822219849,EHEE
345,1.34,1.2105014324188232,HHH
346,0.92,0.9388437867164612,HHH
347,0.99,1.1107933521270752,EEHEE
348,0.88,0.9394699931144714,HEEH
349,1.43,1.3579106330871582,EHEE
350,1.31,1.497483491897583,HEEH
351,0.51,0.6112992167472839,EHEE
352,1.18,1.0333662033081055,EHEE
353,1.16,1.1414470672607422,HHH
354,0.86,0.7230239510536194,EHEE
355,1.0,0.9972460865974426,HEEH
356,0.62,0.555283784866333,EHEE
357,0.78,0.8167809844017029,HEEH
358,1.54,1.360062599182129,EHEE
359,1.57,1.4980072975158691,EEHEE
360,0.32,0.4072955548763275,HEEH
361,1.27,1.1591346263885498,HEEH
362,1.63,1.5003044605255127,HHH
363,1.69,1.7014532089233398,HHH
364,0.56,0.7504503130912781,EHEE
365,0.38,0.24584293365478516,HEEH
366,0.26,0.23693065345287323,HEEH
367,0.59,0.5537096858024597,HEEH
368,1.31,1.310936450958252,HEEH
369,1.51,1.24749755859375,HEEH
370,0.9,0.8961995244026184,HEEH
371,1.16,1.2113699913024902,HEEH
372,0.56,0.664196789264679,HEEH
373,0.51,0.8089168071746826,EEHEE
374,1.35,1.3799030780792236,HEEH
375,1.7,1.6228649616241455,EHEE
376,1.09,1.058924913406372,HEEH
377,1.72,1.6848580837249756,HEEH
378,1.35,1.2962229251861572,EHEE
379,1.72,1.5278904438018799,EHEE
380,1.19,1.1920733451843262,EEHEE
381,1.57,1.3739068508148193,HEEH
382,1.05,0.8341746926307678,HHH
383,0.97,0.9364798665046692,HEEH
384,0.79,0.806031346321106,EHEE
385,1.28,1.0297973155975342,EEHEE
386,0.42,0.4300392270088196,HEEH
387,1.33,1.1944215297698975,HHH
388,1.26,1.1343069076538086,EEHEE
389,1.16,0.9977366328239441,HHH
390,0.45,0.32338595390319824,EHEE
391,1.12,0.6751072406768799,HEEH
392,1.77,1.7144012451171875,HEEH
393,0.84,1.1053481101989746,HEEH
394,1.25,1.0822536945343018,HEEH
395,0.37,0.7743069529533386,EEHEE
396,0.92,0.6671906113624573,HHH
397,0.81,0.6617782711982727,HHH
398,1.04,0.993628978729248,EEHEE
399,1.16,1.1685504913330078,EEHEE
400,0.86,0.9641651511192322,EEHEE
401,1.0,0.7060192823410034,EEHEE
402,1.15,1.0167756080627441,HHH
403,0.93,1.0411078929901123,EEHEE
404,0.6,0.5944634675979614,EHEE
405,1.05,1.2600085735321045,HEEH
406,0.49,0.5524573922157288,EHEE
407,0.79,0.7295408248901367,EHEE
408,1.4,1.4836323261260986,EHEE
409,1.38,1.367866039276123,HHH
410,1.13,1.0596470832824707,EHEE
411,0.73,0.7230156660079956,HHH
412,0.22,0.4199593961238861,HHH
413,1.05,1.0554554462432861,HEEH
414,1.1,1.036516785621643,EEHEE
415,1.58,1.6054315567016602,HHH
416,0.81,0.5988229513168335,EEHEE
417,1.28,1.0280451774597168,EEHEE
418,1.32,1.3737144470214844,HEEH
419,1.05,0.9769154787063599,EHEE
420,0.51,0.626692533493042,EHEE
421,1.47,1.4929115772247314,EHEE
422,1.02,1.2149183750152588,HHH
423,1.03,1.1476120948791504,HHH
424,0.66,0.6587007641792297,EHEE
425,1.45,1.4702191352844238,EEHEE
426,1.23,1.2587358951568604,EEHEE
427,1.82,1.703859806060791,EEHEE
428,1.71,1.714874029159546,EEHEE
429,0.99,0.6453679203987122,HEEH
430,0.51,0.42446643114089966,HHH
431,0.81,0.9333905577659607,HEEH
432,0.91,0.8824342489242554,HHH
433,0.78,0.9528519511222839,HEEH
434,1.74,1.7381765842437744,HEEH
435,0.78,0.7433180809020996,EHEE
436,1.24,1.2827911376953125,HEEH
437,1.43,1.3896572589874268,HEEH
438,0.36,0.8943732976913452,EHEE
439,1.16,1.0440058708190918,EEHEE
440,1.17,1.0245370864868164,EHEE
441,1.15,1.0662205219268799,EEHEE
442,0.22,0.3870692253112793,HEEH
443,1.17,1.064438819885254,HEEH
444,1.26,1.1684470176696777,EEHEE
445,1.1,0.8290302157402039,EHEE
446,1.21,1.3371880054473877,EHEE
447,1.43,1.2113978862762451,HHH
448,1.21,0.9843742251396179,EHEE
449,0.91,0.8440579771995544,EHEE
450,1.64,1.555621862411499,EHEE
451,0.92,0.9889129996299744,HEEH
452,1.35,0.9893134832382202,HEEH
453,0.75,0.8301835060119629,HEEH
454,1.03,0.8439485430717468,EHEE
455,0.83,0.5961560010910034,EEHEE
456,1.06,0.9074400663375854,EEHEE
457,0.9,0.9175859689712524,HEEH
458,1.76,1.7463581562042236,EEHEE
459,0.92,0.956996500492096,HHH
460,1.26,1.3588786125183105,HEEH
461,1.15,1.1538450717926025,EEHEE
462,1.68,1.4543554782867432,EEHEE
463,0.98,0.8378575444221497,HEEH
464,1.65,1.7833538055419922,HHH
465,0.93,0.6540102958679199,HHH
466,0.86,0.8579133152961731,HHH
467,1.74,1.4928698539733887,HHH
468,0.82,0.8534005880355835,EEHEE
469,0.55,0.6054901480674744,HEEH
470,1.22,1.0316736698150635,HHH
471,1.1,0.9605300426483154,EHEE
472,0.34,0.10653942823410034,HHH
473,0.36,0.6185957193374634,HHH
474,0.31,0.576863706111908,HHH
475,1.45,1.4618139266967773,HEEH
476,1.85,1.7428512573242188,HEEH
477,0.87,0.9121165871620178,HHH
478,0.77,0.5689053535461426,HHH
479,1.32,1.3498814105987549,HHH
480,0.38,0.3539094626903534,HEEH
481,1.13,0.9479507207870483,HEEH
482,1.37,1.309274673461914,HEEH
483,1.46,1.5030186176300049,EEHEE
484,0.93,0.9313746690750122,EEHEE
485,0.63,0.6957831382751465,HHH
486,1.67,1.7084376811981201,HEEH
487,0.51,0.4463244378566742,EEHEE
488,0.56,0.6660308837890625,HEEH
489,0.86,0.7979593873023987,EEHEE
490,0.93,0.9180224537849426,HHH
491,1.63,1.7512001991271973,EEHEE
492,1.25,1.321000576019287,HEEH
493,1.13,1.1443102359771729,EEHEE
494,1.72,1.7410244941711426,HEEH
495,1.49,1.3783130645751953,HHH
496,0.26,0.7020540833473206,EEHEE
497,1.08,0.9512608647346497,EHEE
498,1.01,0.6656681895256042,EEHEE
499,0.81,0.6818137764930725,EHEE
500,0.98,1.004899024963379,HEEH
501,1.13,1.214426040649414,HEEH
502,1.19,1.1688222885131836,EEHEE
503,1.61,1.6278448104858398,HHH
504,0.39,0.4255828857421875,EEHEE
505,0.96,1.1185328960418701,EEHEE
506,0.78,0.8364177346229553,EEHEE
507,0.95,0.9165610671043396,HHH
508,0.69,0.8825533390045166,EEHEE
509,0.9,0.7585498690605164,HEEH
510,0.85,0.7479881644248962,HEEH
511,0.71,0.633579432964325,EHEE
512,0.99,0.9447553753852844,HEEH
513,1.0,0.8670960664749146,EHEE
514,0.98,0.9498997330665588,EEHEE
515,0.39,0.2572872042655945,EHEE
516,1.09,0.9822772741317749,EEHEE
517,0.94,0.8809842467308044,HHH
518,1.25,0.7548920512199402,HEEH
519,0.88,0.977870762348175,EEHEE
520,1.21,1.2225441932678223,HEEH
521,0.59,0.7433093190193176,HEEH
522,0.04,0.5140529870986938,EEHEE
523,0.69,1.1949224472045898,HEEH
524,1.72,1.7466659545898438,EEHEE
525,1.04,1.0578373670578003,EEHEE
526,1.1,1.0385409593582153,HHH
527,0.99,0.9573711156845093,HEEH
528,0.91,0.6588712930679321,EEHEE
529,0.94,0.8054457306861877,EHEE
530,1.36,1.233435869216919,HEEH
531,0.97,0.9786569476127625,EHEE
532,0.4,0.45107370615005493,EEHEE
533,0.7,0.7185477614402771,EHEE
534,0.98,1.146554708480835,HHH
535,1.19,1.2706427574157715,HHH
536,0.73,0.7887065410614014,HHH
537,1.88,1.723966121673584,EHEE
538,1.02,0.975611686706543,HEEH
539,0.88,1.1989951133728027,HEEH
540,1.22,1.3172335624694824,HEEH
541,0.58,0.7544681429862976,EHEE
542,0.95,0.9683889746665955,HEEH
543,1.72,1.7366220951080322,EEHEE
544,1.34,1.5926296710968018,EEHEE
545,1.69,1.6858341693878174,HEEH
546,0.27,0.17440097033977509,EHEE
547,1.39,1.3232262134552002,HHH
548,1.22,1.1927430629730225,HEEH
549,1.05,0.9997718930244446,HHH
550,0.54,1.3739235401153564,HHH
551,1.24,1.240250587463379,HHH
552,0.99,0.8859685063362122,HEEH
553,0.9,0.7555610537528992,EHEE
554,0.87,0.7860245704650879,HEEH
555,1.05,1.0686120986938477,EEHEE
556,1.76,1.3264610767364502,HHH
557,0.86,0.7807502746582031,EEHEE
558,0.87,0.9958857893943787,EEHEE
559,1.05,0.9374811053276062,EHEE
560,1.68,1.4121932983398438,HHH
561,0.97,0.632603108882904,HHH
562,1.3,0.9740169048309326,HEEH
563,1.29,0.9668342471122742,EEHEE
564,1.33,1.2418320178985596,HEEH
565,0.75,0.6665377020835876,EHEE
566,0.98,0.7753718495368958,HHH
567,1.41,1.4062237739562988,HEEH
568,1.29,1.2485978603363037,HEEH
569,1.08,0.978121817111969,HEEH
570,1.43,1.7246077060699463,HEEH
571,0.97,1.2887914180755615,HEEH
572,1.61,1.5591545104980469,HEEH
573,0.71,0.8125996589660645,EEHEE
574,1.08,1.0680575370788574,EHEE
575,1.28,1.0975444316864014,HHH
576,0.64,0.6446338891983032,EHEE
577,0.79,0.8040003180503845,EEHEE
578,1.72,1.7003145217895508,EEHEE
579,0.8,0.7632060647010803,HEEH
580,0.06,0.6787837743759155,EHEE
581,0.57,0.7926118969917297,EEHEE
582,1.64,1.7169439792633057,HHH
583,1.32,1.1500046253204346,EEHEE
584,0.95,1.1685700416564941,HEEH
585,1.25,1.1990625858306885,HEEH
586,1.74,1.7247905731201172,EEHEE
587,1.06,0.999882698059082,EHEE
588,1.1,1.3201401233673096,HHH
589,1.07,0.8066602945327759,EEHEE
590,0.87,0.7698018550872803,HHH
591,1.66,1.157531976699829,EEHEE
592,0.96,1.1078938245773315,EHEE
593,1.74,1.7391412258148193,EEHEE
594,0.91,0.775317370891571,HEEH
595,1.13,0.9429401755332947,EEHEE
596,0.41,0.8045685291290283,EEHEE
597,1.27,0.8265825510025024,HHH
598,1.13,1.0117628574371338,EHEE
599,1.77,1.7258992195129395,EEHEE
600,0.56,0.6317769885063171,EHEE
601,1.22,1.1731739044189453,EEHEE
602,0.97,0.940388560295105,EEHEE
603,1.13,1.0354654788970947,EEHEE
604,0.68,0.6358523368835449,HEEH
605,1.19,1.159609317779541,HEEH
606,0.61,0.5911322236061096,HEEH
607,0.3,0.6461345553398132,EHEE
608,1.71,1.6879026889801025,EHEE
609,1.16,1.2071630954742432,HEEH
610,1.78,1.8181016445159912,EHEE
611,0.46,0.609550416469574,EHEE
612,1.23,1.2196271419525146,HEEH
613,0.27,0.7089970707893372,HEEH
614,0.37,0.9537311792373657,HEEH
615,0.93,1.0097614526748657,HHH
616,0.58,0.5476218461990356,HEEH
617,1.02,0.8779148459434509,EEHEE
618,1.56,1.3950564861297607,HHH
619,1.29,0.9984120726585388,EHEE
620,1.66,1.702099084854126,HHH
621,1.74,1.735166072845459,HHH
622,0.77,0.8098993301391602,HEEH
623,1.33,1.2762584686279297,HHH
624,1.74,1.7781000137329102,HEEH
625,0.99,0.9548400044441223,HEEH
626,1.64,1.4383985996246338,EEHEE
627,0.35,0.21127524971961975,HEEH
628,0.89,0.6636857986450195,HEEH
629,1.8,1.6910076141357422,EEHEE
630,0.74,1.0062469244003296,EEHEE
631,1.26,1.157715082168579,HHH
632,1.28,1.1484980583190918,EEHEE
633,1.31,1.1766979694366455,EHEE
634,0.74,0.7469152808189392,HEEH
635,1.17,1.1323459148406982,EEHEE
636,1.83,1.743760108947754,HEEH
637,1.25,1.181443452835083,EEHEE
638,0.68,0.7462636232376099,HEEH
639,0.84,0.8437911868095398,HEEH
640,1.23,0.9846559762954712,EHEE
641,0.82,0.554101824760437,EHEE
642,0.93,0.9440341591835022,HHH
643,1.01,0.9937894940376282,EHEE
644,1.0,0.8921461701393127,EEHEE
645,1.27,1.1069436073303223,HHH
646,1.69,1.4745807647705078,HHH
647,1.03,1.0384842157363892,HEEH
648,1.12,0.646614134311676,EHEE
649,0.2,0.39492297172546387,HHH
650,0.97,0.9795107841491699,EEHEE
651,1.1,1.029376745223999,HEEH
652,0.75,0.6226460933685303,EEHEE
653,1.05,1.0795859098434448,EEHEE
654,1.62,1.5390264987945557,EEHEE
655,0.9,0.8502445816993713,HHH
656,0.85,0.7129688858985901,EEHEE
657,1.66,1.6523182392120361,HEEH
658,0.84,0.7917173504829407,HEEH
659,1.31,1.0578398704528809,EEHEE
660,0.85,0.6747012138366699,EEHEE
661,1.72,1.70267653465271,HEEH
662,0.9,0.967199444770813,HEEH
663,1.06,0.9957038760185242,EHEE
664,1.19,1.1517670154571533,HEEH
665,1.5,1.4025299549102783,HEEH
666,1.16,1.220555067062378,EHEE
667,1.31,1.0301785469055176,EEHEE
668,1.12,0.957680344581604,EEHEE
669,0.79,1.1420810222625732,EEHEE
670,0.86,0.833376407623291,EHEE
671,1.67,1.7270574569702148,HEEH
672,0.75,0.7771775722503662,HEEH
673,0.88,0.790006697177887,EEHEE
674,1.08,0.8610305190086365,EEHEE
675,0.82,1.0236148834228516,HEEH
676,1.01,0.8851708173751831,HHH
677,1.19,1.2072253227233887,HEEH
678,1.57,1.5072824954986572,HHH
679,0.6,0.6676118969917297,HHH
680,1.24,1.2365837097167969,EHEE
681,0.51,0.5428906679153442,HEEH
682,0.49,0.3757246136665344,EEHEE
683,0.93,0.8177147507667542,EEHEE
684,1.21,1.1393206119537354,EEHEE
685,1.5,1.4070072174072266,HHH
686,0.8,0.8127515912055969,HHH
687,0.73,0.8132423162460327,HEEH
688,0.64,0.8683154582977295,HEEH
689,1.42,1.3683764934539795,EEHEE
690,1.18,1.1665840148925781,HEEH
691,1.07,0.8240193724632263,EEHEE
692,0.92,0.9423845410346985,HEEH
693,1.11,0.9917585253715515,HEEH
694,0.61,0.20221847295761108,HEEH
695,1.72,1.7270762920379639,EHEE
696,0.35,0.7595739960670471,EHEE
697,1.62,1.4525761604309082,HHH
698,0.23,0.43747204542160034,EHEE
699,0.23,0.9217414259910583,HEEH
700,0.77,0.768963634967804,EHEE
701,1.01,0.7625138163566589,HEEH
702,1.33,1.3298618793487549,HEEH
703,0.35,0.441678524017334,EHEE
704,0.99,1.1762561798095703,EHEE
705,0.85,0.8103035688400269,EEHEE
706,0.67,0.7414411902427673,HEEH
707,1.26,1.298569679260254,EHEE
708,1.61,1.7397937774658203,HHH
709,1.04,1.0115382671356201,EEHEE
710,1.47,1.3629133701324463,HEEH
711,0.82,0.7601190209388733,EHEE
712,1.31,1.263875961303711,EEHEE
713,0.99,0.8229978084564209,HEEH
714,0.76,0.9842259883880615,HEEH
715,1.3,1.2570223808288574,EHEE
716,0.51,0.5512473583221436,EEHEE
717,1.69,1.6288959980010986,EEHEE
718,1.16,1.172438621520996,EHEE
719,0.35,0.7876021862030029,EHEE
720,1.2,1.0339953899383545,HEEH
721,0.17,0.06739121675491333,EEHEE
722,0.7,0.7075749635696411,HHH
723,0.62,0.6348478198051453,EEHEE
724,1.39,1.3486430644989014,HHH
725,1.41,0.9640452861785889,EEHEE
726,0.89,0.9736345410346985,EEHEE
727,0.89,1.2655103206634521,EEHEE
728,1.1,1.0566401481628418,HEEH
729,1.08,0.9983614683151245,HHH
730,0.75,0.8503615260124207,EEHEE
731,0.96,0.8363887071609497,HEEH
732,1.17,0.902193546295166,EEHEE
733,1.11,1.1042983531951904,EHEE
734,1.61,1.4777159690856934,EEHEE
735,0.8,0.7339774370193481,HHH
736,0.68,0.5797621011734009,EEHEE
737,1.01,1.1638662815093994,HEEH
738,0.52,0.5538078546524048,EHEE
739,1.17,1.167168378829956,HEEH
740,1.65,1.7066948413848877,EHEE
741,0.8,0.7397307753562927,EHEE
742,1.31,1.109905481338501,HHH
743,1.46,1.3254587650299072,HEEH
744,0.96,0.8755263090133667,HEEH
745,0.94,0.9284979701042175,EEHEE
746,1.16,1.0569417476654053,EEHEE
747,1.05,0.9446341395378113,EEHEE
748,1.15,1.1167576313018799,EEHEE
749,1.08,0.8534375429153442,HEEH
750,1.71,1.723607063293457,EHEE
751,0.61,0.680109441280365,EEHEE
752,-0.02,0.20937368273735046,EHEE
753,0.93,0.7963690161705017,EEHEE
754,1.69,1.701275110244751,EEHEE
755,0.92,0.568267822265625,EEHEE
756,0.86,0.9286299347877502,HEEH
757,1.16,1.0246527194976807,HEEH
758,0.87,0.9497906565666199,HEEH
759,1.24,1.1883306503295898,EEHEE
760,1.1,0.7841910719871521,EEHEE
761,1.62,1.4677519798278809,EHEE
762,1.55,1.6404588222503662,HEEH
763,1.49,1.257887601852417,HHH
764,1.6,1.5379464626312256,HEEH
765,1.66,1.6357243061065674,EEHEE
766,1.32,1.103682518005371,HEEH
767,1.22,1.1546483039855957,EHEE
768,1.05,0.9719139337539673,EEHEE
769,0.86,0.8472016453742981,EEHEE
770,0.46,0.6947689652442932,EEHEE
771,0.74,0.4339680075645447,EHEE
772,0.59,0.363785982131958,EHEE
773,1.29,1.1612489223480225,HHH
774,0.86,0.9276513457298279,HHH
775,1.7,1.6854710578918457,HHH
776,1.2,1.0763037204742432,HEEH
777,1.72,1.6399807929992676,HEEH
778,1.54,1.5033257007598877,HHH
779,0.79,0.91932213306427,EHEE
780,1.21,1.0975995063781738,HEEH
781,1.64,1.7499558925628662,HHH
782,0.41,0.34946209192276,EHEE
783,1.11,1.3820395469665527,EEHEE
784,1.22,1.0524097681045532,HHH
785,1.17,0.956964910030365,EHEE
786,0.45,0.4633696675300598,EHEE
787,0.44,0.5245908498764038,HEEH
788,1.01,0.9612163305282593,HHH
789,0.07,0.2894439995288849,HEEH
790,1.16,1.0667476654052734,EHEE
791,1.41,1.311938762664795,HHH
792,0.1,0.13215279579162598,HEEH
793,1.25,1.2595598697662354,EHEE
794,1.82,1.5611035823822021,EEHEE
795,1.47,1.4720776081085205,EEHEE
796,1.62,1.6049695014953613,EEHEE
797,1.58,1.7437283992767334,EHEE
798,0.75,0.3914720416069031,EEHEE
799,1.17,1.0876046419143677,EHEE
800,1.69,1.684807300567627,EHEE
801,1.05,0.89641273021698,EEHEE
802,1.16,1.1727356910705566,EEHEE
803,0.38,0.7451727390289307,HEEH
804,1.04,0.786780059337616,EEHEE
805,1.7,1.685598373413086,HHH
806,0.98,0.9911461472511292,HEEH
807,1.57,1.4349350929260254,EHEE
808,0.92,0.8321713805198669,HHH
809,1.8,1.7433624267578125,HEEH
810,0.72,0.6596589684486389,EEHEE
811,1.45,1.36627197265625,EHEE
812,1.42,0.885019063949585,EEHEE
813,1.37,1.3635807037353516,HEEH
814,1.0,0.538318395614624,EEHEE
815,1.91,1.585740327835083,EHEE
816,1.31,1.3074393272399902,EHEE
817,0.34,0.372548907995224,EHEE
818,0.65,0.983478307723999,EHEE
819,1.37,1.1290206909179688,HEEH
820,0.92,0.9077320694923401,EEHEE
821,1.39,1.3774511814117432,HHH
822,0.78,0.9481251835823059,HEEH
823,0.37,0.4998493790626526,HHH
824,0.84,0.9598324298858643,EHEE
825,0.97,1.2939386367797852,HHH
826,0.79,0.6368852257728577,HHH
827,1.28,1.178720235824585,EHEE
828,1.2,1.159578561782837,EEHEE
829,0.23,-0.0467367023229599,EHEE
830,1.7,1.7113170623779297,EEHEE
831,0.65,0.640876829624176,HEEH
832,1.66,1.696737289428711,EEHEE
833,0.74,0.7655854821205139,EHEE
834,1.07,1.0806995630264282,HHH
835,1.01,0.937451958656311,EEHEE
836,1.15,1.2203099727630615,EEHEE
837,0.74,0.6609079837799072,HHH
838,1.23,1.3847920894622803,EEHEE
839,1.23,1.2864346504211426,HEEH
840,1.05,0.9196681976318359,EEHEE
841,0.49,0.4139949381351471,EHEE
842,1.14,1.161302089691162,HHH
843,0.69,0.8011565208435059,EHEE
844,1.55,1.444465160369873,EEHEE
845,0.87,0.8362821936607361,EEHEE
846,0.86,0.8687681555747986,HHH
847,1.72,1.748453140258789,EEHEE
848,0.38,0.6187060475349426,HEEH
849,1.69,1.5842604637145996,EEHEE
850,1.65,1.5102818012237549,HHH
851,1.12,0.9002197980880737,HEEH
852,1.16,0.9747906923294067,EEHEE
853,0.88,0.9639079570770264,EEHEE
854,0.96,0.9513394236564636,EHEE
855,1.09,0.8819590210914612,EEHEE
856,1.42,1.3923420906066895,EHEE
857,0.72,0.88836669921875,HEEH
858,0.39,0.31191879510879517,HEEH
859,0.67,0.8427892327308655,EEHEE
860,0.79,0.6553472280502319,HHH
861,1.15,1.1715831756591797,HHH
862,1.09,1.2397520542144775,HHH
863,1.31,1.3102540969848633,EHEE
864,1.0,0.9668040871620178,HEEH
865,0.61,0.7058287858963013,HHH
866,0.66,0.6745649576187134,EHEE
867,1.42,1.5055656433105469,EEHEE
868,0.81,0.5577843189239502,HEEH
869,1.74,1.7557063102722168,HHH
870,1.71,1.7188949584960938,EHEE
871,0.7,1.063431739807129,HEEH
872,0.8,0.7329045534133911,HHH
873,1.22,1.1490445137023926,HEEH
874,0.74,0.7564327120780945,HHH
875,1.34,1.338303804397583,EEHEE
876,0.68,0.6371009945869446,EHEE
877,0.86,0.8257364630699158,EEHEE
878,0.94,0.986443817615509,HHH
879,0.62,0.20735928416252136,EEHEE
880,0.99,0.9097710251808167,EHEE
881,1.15,1.0030261278152466,HEEH
882,1.36,1.249532699584961,EEHEE
883,1.17,0.8477619290351868,EEHEE
884,1.45,1.3836050033569336,HEEH
885,0.65,0.5863321423530579,EEHEE
886,0.7,0.09166678786277771,HHH
887,1.3,0.9967999458312988,HEEH
888,0.95,1.1538081169128418,HEEH
889,0.99,1.038989543914795,HHH
890,1.64,1.6960117816925049,EHEE
891,0.82,0.8587142825126648,HEEH
892,1.31,1.175499677658081,HEEH
893,1.31,1.3017864227294922,EEHEE
894,1.22,1.4657011032104492,EEHEE
895,0.89,0.6948710083961487,EEHEE
896,1.71,1.6452691555023193,HHH
897,1.3,1.466477870941162,EHEE
898,0.94,0.7851531505584717,EHEE
899,1.76,1.7151100635528564,HEEH
900,1.0,1.0123302936553955,EEHEE
901,0.79,0.9192075729370117,HEEH
902,0.9,0.9501234889030457,EHEE
903,1.09,1.0674221515655518,HHH
904,1.17,1.003164291381836,EEHEE
905,0.54,0.6377511620521545,HEEH
906,0.94,0.9731354117393494,EHEE
907,0.86,0.8831902146339417,HEEH
908,1.06,0.9817549586296082,HEEH
909,0.87,0.8586103320121765,EHEE
910,1.02,0.8850550055503845,HHH
911,1.08,1.05509352684021,EEHEE
912,1.06,0.9003980159759521,EEHEE
913,0.79,0.8171777725219727,HHH
914,1.71,1.6724188327789307,HHH
915,0.49,0.5520917773246765,HHH
916,1.39,1.4981441497802734,EHEE
917,0.9,0.9026075005531311,EEHEE
918,1.7,1.6989881992340088,EEHEE
919,0.89,0.9524498581886292,EEHEE
920,1.08,0.8997774124145508,HHH
921,0.94,0.9714269638061523,HEEH
922,1.4,1.1286606788635254,EEHEE
923,1.64,1.2330694198608398,EEHEE
924,1.73,1.6566946506500244,HHH
925,0.72,0.8306878805160522,HHH
926,1.3,1.3019392490386963,HHH
927,0.44,0.21281370520591736,EEHEE
928,0.64,0.6685034036636353,HEEH
929,1.14,1.434675693511963,EHEE
930,0.78,0.6059003472328186,EEHEE
931,0.79,0.9863224625587463,HHH
932,0.8,0.8014777898788452,EEHEE
933,1.08,0.9847226738929749,EHEE
934,0.71,0.5316159725189209,EEHEE
935,1.28,1.225003957748413,EEHEE
936,1.08,1.0154387950897217,HEEH
937,1.01,0.8907029032707214,EHEE
938,0.33,0.4817220866680145,HEEH
939,1.17,1.2100534439086914,HHH
940,1.01,0.9082031846046448,HEEH
941,0.96,0.40252968668937683,EEHEE
942,1.72,1.7495203018188477,EEHEE
943,0.92,1.0033835172653198,EHEE
944,1.29,1.197669506072998,HEEH
945,1.24,1.1339924335479736,EEHEE
946,1.38,1.4048657417297363,HHH
947,1.3,1.3339250087738037,EHEE
948,1.06,1.0629750490188599,EHEE
949,0.79,1.156635046005249,EHEE
950,0.84,0.8107779026031494,EHEE
951,0.93,0.9448332190513611,HHH
952,1.71,1.718163251876831,HHH
953,0.97,1.119232416152954,EEHEE
954,1.27,1.2122430801391602,EHEE
955,0.89,0.9629093408584595,HEEH
956,1.78,1.7138195037841797,HHH
957,0.93,0.752605140209198,HEEH
958,0.85,0.9790191650390625,EHEE
959,0.87,0.4201730787754059,EHEE
960,1.25,1.6207780838012695,HHH
961,1.19,1.135584831237793,EHEE
962,0.62,0.6805902123451233,EHEE
963,0.47,0.7344755530357361,HHH
964,0.44,0.5886861085891724,EEHEE
965,1.69,1.815624713897705,EEHEE
966,0.11,0.5100984573364258,EEHEE
967,1.43,1.3087613582611084,HEEH
968,1.42,1.425619125366211,EEHEE
969,0.8,0.6495448350906372,EEHEE
970,0.67,0.6911930441856384,EEHEE
971,1.29,1.314823865890503,HHH
972,0.28,0.09662878513336182,EHEE
973,1.33,1.5692286491394043,HEEH
974,0.87,0.9595548510551453,HEEH
975,1.68,1.6896255016326904,EHEE
976,0.88,0.8467230796813965,EEHEE
977,0.67,0.4405039846897125,HEEH
978,0.52,0.6487594842910767,HHH
979,1.7,1.7021489143371582,EEHEE
980,1.34,1.2958033084869385,EHEE
981,0.72,0.9454828500747681,EHEE
982,1.4,1.2615852355957031,HEEH
983,0.66,0.8138123154640198,HEEH
984,1.44,1.579366683959961,HHH
985,0.76,0.6688075661659241,EHEE
986,0.85,1.0177710056304932,EHEE
987,0.88,0.9033882021903992,HHH
988,1.25,1.4952707290649414,HHH
989,1.43,1.3271536827087402,HHH
990,0.48,0.45718899369239807,EEHEE
991,0.84,0.7893931269645691,HEEH
992,0.24,0.29714488983154297,EEHEE
993,0.94,0.9199312329292297,HHH
994,1.01,0.9585145115852356,EEHEE
995,0.89,0.9800110459327698,EEHEE
996,0.05,0.4606601297855377,HEEH
997,1.03,0.8521533608436584,EEHEE
998,0.97,0.9142590761184692,HHH
999,1.12,1.0007352828979492,HEEH
1000,1.02,1.0213940143585205,EEHEE
1001,1.3,0.9152548313140869,HEEH
1002,0.9,0.7989088296890259,HHH
1003,1.69,1.6626935005187988,HEEH
1004,1.02,0.9621983766555786,EEHEE
1005,1.29,1.2647523880004883,HEEH
1006,0.61,0.6610227823257446,HHH
1007,0.62,0.6646006107330322,HHH
1008,1.43,1.3690385818481445,EHEE
1009,1.06,0.9431848526000977,HHH
1010,0.93,0.9740144610404968,HEEH
1011,1.03,1.1020915508270264,EHEE
1012,1.27,1.0405104160308838,HHH
1013,1.15,1.1490161418914795,EHEE
1014,1.68,1.7498877048492432,EEHEE
1015,0.81,0.7093040943145752,EEHEE
1016,0.99,0.8499881625175476,HHH
1017,0.86,0.9091044664382935,EHEE
1018,1.44,1.3607687950134277,HHH
1019,0.77,0.6740447878837585,EEHEE
1020,0.31,0.3363308310508728,EEHEE
1021,0.83,0.7648493647575378,HEEH
1022,1.0,1.024156093597412,HHH
1023,0.27,0.03625477850437164,HEEH
1024,1.01,1.1681885719299316,EHEE
1025,1.42,1.3649520874023438,EHEE
1026,1.18,1.1873948574066162,HEEH
1027,0.31,0.20689332485198975,EHEE
1028,0.59,0.571480393409729,EEHEE
1029,0.62,0.682680070400238,EEHEE
1030,0.71,0.710494339466095,EHEE
1031,1.59,1.6942203044891357,HEEH
1032,1.18,1.1599106788635254,HHH
1033,0.83,0.8884816765785217,HEEH
1034,0.97,1.184960126876831,HHH
1035,1.6,1.7529478073120117,EHEE
1036,1.05,0.6998069882392883,HHH
1037,0.89,0.9224042296409607,HHH
1038,1.29,1.2599351406097412,HHH
1039,1.06,0.9544939994812012,HEEH
1040,0.75,0.7460167407989502,HEEH
1041,1.71,1.7171084880828857,EHEE
1042,0.92,0.7974385619163513,EEHEE
1043,1.02,1.068495512008667,EHEE
1044,0.58,0.7131686806678772,EEHEE
1045,1.34,1.2426416873931885,HEEH
1046,1.0,0.9715961813926697,EHEE
1047,1.73,1.4781060218811035,HEEH
1048,1.21,1.221242904663086,HHH
1049,0.23,0.28878355026245117,HEEH
1050,1.09,0.9994094967842102,HHH
1051,0.86,0.7326812744140625,EHEE
1052,1.24,1.1301000118255615,EEHEE
1053,0.87,0.7232604622840881,HHH
1054,1.12,1.1277105808258057,HHH
1055,1.01,0.625549852848053,HHH
1056,1.47,1.4882471561431885,HHH
1057,1.27,1.118973970413208,HHH
1058,1.11,0.9335821270942688,HHH
1059,1.74,1.7038068771362305,HEEH
1060,1.0,1.1610584259033203,HEEH
1061,1.06,1.0042492151260376,EEHEE
1062,0.91,0.944136917591095,HHH
1063,0.68,0.6810486316680908,HHH
1064,1.13,0.9249106645584106,EHEE
1065,-0.01,0.3208341896533966,EEHEE
1066,1.4,1.0134536027908325,HEEH
1067,0.83,0.5804958939552307,HEEH
1068,1.04,1.0771324634552002,HEEH
1069,1.14,1.0063698291778564,HHH
1070,1.07,1.0087730884552002,EHEE
1071,1.33,1.4696147441864014,EHEE
1072,0.75,1.0216197967529297,HEEH
1073,0.8,0.7230300903320312,EEHEE
1074,1.0,0.989311933517456,EEHEE
1075,1.7,1.5272958278656006,EEHEE
1076,0.81,0.7565501928329468,EEHEE
1077,1.74,1.7400896549224854,HEEH
1078,0.7,0.7120722532272339,HEEH
1079,1.04,1.1970605850219727,EHEE
1080,0.79,0.7161967158317566,HEEH
1081,0.8,0.6784052848815918,HEEH
1082,1.75,1.7039144039154053,HHH
1083,1.68,1.5358355045318604,HHH
1084,0.89,0.962181031703949,EEHEE
1085,0.17,0.3124009668827057,HEEH
1086,1.09,1.0289840698242188,EEHEE
1087,0.88,0.770858645439148,EEHEE
1088,1.04,1.0160408020019531,HEEH
1089,0.74,0.7260063886642456,EEHEE
1090,0.77,0.8717109560966492,HEEH
1091,1.45,1.347013235092163,EHEE
1092,1.14,1.071350336074829,HHH
1093,1.17,1.2097656726837158,HHH
1094,1.07,1.0429611206054688,EEHEE
1095,1.01,0.7117598056793213,HEEH
1096,0.23,0.7380238175392151,EEHEE
1097,0.73,0.6288796067237854,EEHEE
1098,0.99,1.1241581439971924,HEEH
1099,1.42,1.4609291553497314,EHEE
1100,1.17,1.1409294605255127,EEHEE
1101,0.1,0.5298359394073486,HHH
1102,0.78,1.0503343343734741,HHH
1103,1.07,0.9979501366615295,HEEH
1104,1.05,0.7966636419296265,HHH
1105,1.36,1.1070557832717896,HEEH
1106,0.8,0.5859958529472351,HEEH
1107,0.63,0.6426371335983276,HEEH
1108,-0.26,0.23926027119159698,EHEE
1109,1.04,0.9596888422966003,EHEE
1110,1.09,0.9312545657157898,HEEH
1111,1.64,1.487166166305542,EEHEE
1112,0.09,0.6640616059303284,HHH
1113,1.46,1.4471359252929688,HEEH
1114,1.48,1.3665006160736084,EEHEE
1115,0.69,0.7446174025535583,HHH
1116,1.1,1.284099817276001,EEHEE
1117,1.26,1.4102623462677002,EEHEE
1118,1.37,1.478285789489746,HHH
1119,0.98,0.9689642786979675,EEHEE
1120,1.24,1.1363863945007324,EEHEE
1121,1.74,1.6741764545440674,EEHEE
1122,0.82,1.0580450296401978,EEHEE
1123,1.31,1.0264356136322021,HEEH
1124,1.69,1.7076325416564941,HEEH
1125,1.51,1.4954264163970947,EEHEE
1126,0.93,0.9945128560066223,HEEH
1127,1.46,1.4210402965545654,HHH
1128,1.6,1.611046552658081,EEHEE
1129,1.53,1.499497413635254,EHEE
1130,0.95,0.8051181435585022,HEEH
1131,1.15,1.0641305446624756,HEEH
1132,0.52,0.791703462600708,EHEE
1133,0.75,0.6541839241981506,HEEH
1134,0.91,0.9379197955131531,EEHEE
1135,1.24,1.056067705154419,EEHEE
1136,1.66,1.6481971740722656,HEEH
1137,1.17,0.9306308627128601,EEHEE
1138,1.69,1.6494853496551514,EEHEE
1139,0.9,0.6896425485610962,HHH
1140,1.01,0.8982527256011963,EHEE
1141,1.3,1.2617590427398682,EHEE
1142,1.2,0.9780652523040771,EEHEE
1143,1.2,1.151832103729248,EEHEE
1144,1.29,1.3239340782165527,HHH
1145,1.21,1.0825881958007812,EHEE
1146,0.76,0.6127352118492126,HHH
1147,0.66,0.47524362802505493,EEHEE
1148,0.87,0.774910569190979,HHH
1149,1.68,1.7280209064483643,HEEH
1150,0.43,0.7136620879173279,HHH
1151,0.74,0.5776621103286743,EEHEE
1152,1.42,1.5027873516082764,EEHEE
1153,1.26,1.2150557041168213,HEEH
1154,1.04,0.9091029763221741,EHEE
1155,1.29,1.080059289932251,HHH
1156,0.76,0.9464029669761658,HHH
1157,0.3,-0.04130367934703827,HEEH
1158,1.31,1.0398811101913452,HEEH
1159,1.14,1.2847809791564941,HEEH
1160,1.45,1.3646297454833984,EHEE
1161,0.76,0.6475374698638916,HEEH
1162,0.93,0.9944431781768799,HEEH
1163,0.91,0.7468377351760864,HHH
1164,1.47,1.400008201599121,HEEH
1165,0.68,0.5972117185592651,EEHEE
1166,0.8,0.7645538449287415,HEEH
1167,1.66,1.6525814533233643,HEEH
1168,1.72,1.7350032329559326,HHH
1169,1.39,1.276583194732666,HEEH
1170,0.79,0.73553466796875,EEHEE
1171,1.42,1.3751001358032227,EHEE
1172,0.78,0.9464297294616699,HEEH
1173,1.09,0.9194198846817017,HEEH
1174,1.08,1.0001685619354248,HHH
1175,1.7,1.7410814762115479,HEEH
1176,0.55,0.7977257370948792,EHEE
1177,1.71,1.4591245651245117,HHH
1178,0.72,0.7534648776054382,HHH
1179,1.17,1.1428825855255127,HHH
1180,1.37,1.2379329204559326,HEEH
1181,0.67,0.776246964931488,EEHEE
1182,1.5,1.4047632217407227,EHEE
1183,0.77,0.6975373029708862,EHEE
1184,0.69,0.49504467844963074,HHH
1185,0.42,1.2129383087158203,EEHEE
1186,0.89,0.5868772268295288,HHH
1187,1.37,1.4865248203277588,HHH
1188,0.56,0.5897382497787476,HHH
1189,0.83,0.7559829354286194,HHH
1190,1.11,0.5202760100364685,HHH
1191,0.88,0.8192455172538757,HEEH
1192,1.04,1.0410330295562744,HEEH
1193,1.74,1.6809000968933105,EEHEE
1194,1.71,1.6790082454681396,HHH
1195,1.03,1.0024508237838745,EEHEE
1196,1.1,0.7863485813140869,HHH
1197,0.25,0.9223036170005798,EHEE
1198,1.43,1.3894598484039307,HHH
1199,0.86,0.7805723547935486,EHEE
1200,0.96,1.0093042850494385,HEEH
1201,0.95,0.7895997166633606,HEEH
1202,1.15,1.3362395763397217,HEEH
1203,1.7,1.7471466064453125,HHH
1204,0.73,0.8696311712265015,EHEE
1205,1.32,1.3690712451934814,EEHEE
1206,1.1,1.0721551179885864,EHEE
1207,1.3,0.9504966735839844,HEEH
1208,0.57,0.7602776885032654,HEEH
1209,1.45,1.020688772201538,EHEE
1210,1.19,0.9128513336181641,HHH
1211,0.55,0.6064252853393555,EHEE
1212,1.79,1.7690575122833252,HEEH
1213,0.93,0.7971241474151611,EHEE
1214,1.37,1.4175410270690918,HHH
1215,0.63,0.6518281698226929,EEHEE
1216,0.94,0.9956589937210083,EEHEE
1217,1.3,1.344404697418213,EHEE
1218,0.83,0.7816639542579651,HHH
1219,0.74,0.9513037800788879,HHH
1220,1.04,1.0578444004058838,HEEH
1221,0.24,0.4167943000793457,EEHEE
1222,1.32,0.9482663869857788,EHEE
1223,1.41,1.4740607738494873,EHEE
1224,0.07,0.2833327353000641,HEEH
1225,0.89,0.9030029773712158,EHEE
1226,1.21,1.1664085388183594,EEHEE
1227,0.7,0.6426212787628174,HHH
1228,0.86,0.951237678527832,HEEH
1229,1.06,0.9560437798500061,HHH
1230,1.07,1.075044870376587,EEHEE
1231,0.55,0.7706705331802368,EHEE
1232,1.61,1.7038612365722656,EHEE
1233,1.11,1.1243114471435547,EHEE
1234,1.33,1.2773115634918213,HEEH
1235,1.07,0.9598748087882996,EHEE
1236,0.8,0.7171792984008789,HEEH
1237,1.11,1.0863089561462402,EEHEE
1238,1.0,0.9776812195777893,EEHEE
1239,0.84,0.7216471433639526,EEHEE
1240,1.14,0.9709453582763672,EEHEE
1241,1.35,1.2984163761138916,HHH
1242,1.64,1.3601529598236084,HHH
1243,1.28,1.2797050476074219,EEHEE
1244,1.03,1.013124704360962,HEEH
1245,1.2,0.9624826312065125,EEHEE
1246,1.58,1.494619369506836,HHH
1247,0.83,1.1608877182006836,EHEE
1248,0.55,0.6937500834465027,EHEE
1249,1.07,1.0973360538482666,EHEE
1250,1.53,1.528031826019287,EHEE
1251,0.64,0.7568262219429016,HEEH
1252,1.58,1.520716667175293,HEEH
1253,0.88,0.9086188077926636,HHH
1254,0.96,1.0387122631072998,HEEH
1255,0.86,0.7699270844459534,HEEH
1256,1.4,1.3596744537353516,EHEE
1257,1.04,0.9437882900238037,EHEE
1258,0.66,0.8455793261528015,EHEE
1259,1.14,1.0011491775512695,HEEH
1260,0.53,0.8034803867340088,HEEH
1261,0.64,0.7557433247566223,EEHEE
1262,0.94,0.6921379566192627,EHEE
1263,0.3,-0.043291181325912476,EHEE
1264,0.95,0.9913200736045837,HHH
1265,1.49,1.6535813808441162,HEEH
1266,0.91,1.0100446939468384,EHEE
1267,0.76,0.752543032169342,HEEH
1268,1.12,1.261218786239624,EHEE
1269,1.33,1.1868069171905518,HHH
1270,1.19,1.259566307067871,EEHEE
1271,1.19,0.9148886799812317,HEEH
1272,1.09,0.9775907397270203,EEHEE
1273,1.47,1.3568778038024902,HEEH
1274,0.86,0.9810605645179749,HEEH
1275,0.98,0.9783580899238586,HHH
1276,1.22,1.0993086099624634,EHEE
1277,0.63,0.8340322971343994,EHEE
1278,0.74,0.6498029828071594,HEEH
1279,1.2,1.1653637886047363,HHH
1280,1.2,1.3135428428649902,HEEH
1281,1.14,1.2238085269927979,HEEH
1282,0.7,0.7700334787368774,HHH
1283,1.61,1.660841703414917,EEHEE
1284,0.85,0.8420504927635193,HHH
1285,1.71,1.6960704326629639,EHEE
1286,0.56,0.5925201177597046,EEHEE
1287,0.7,0.8196048736572266,HEEH
1288,0.95,0.6494642496109009,HEEH
1289,0.96,1.1039705276489258,HEEH
1290,1.29,1.2428898811340332,HEEH
1291,1.04,1.0106003284454346,HEEH
1292,1.12,1.0607867240905762,HEEH
1293,1.09,1.0663154125213623,HEEH
1294,1.0,0.8652608394622803,HHH
1295,1.03,0.9454951286315918,EHEE
1296,0.26,0.20337724685668945,EEHEE
1297,0.56,0.7520002722740173,EHEE
1298,1.33,1.524916172027588,HEEH
1299,0.46,0.6274792551994324,HHH
1300,0.9,1.447312355041504,EHEE
1301,1.01,0.9694152474403381,HEEH
1302,1.41,1.4209511280059814,EHEE
1303,1.08,1.3464720249176025,EEHEE
1304,1.62,1.430354356765747,EHEE
1305,1.6,1.6138992309570312,HHH
1306,0.95,1.0584688186645508,EEHEE
1307,0.88,0.9430035948753357,EHEE
1308,0.79,0.9384536743164062,HHH
1309,1.47,1.3022394180297852,EHEE
1310,1.31,1.1123912334442139,EHEE
1311,0.91,1.1038258075714111,EEHEE
1312,1.01,0.9208182692527771,EHEE
1313,0.9,0.8094759583473206,HEEH
1314,0.93,0.9913139939308167,EEHEE
1315,1.71,1.6820335388183594,HEEH
1316,0.85,1.1646571159362793,HEEH
1317,1.23,1.0868096351623535,HHH
1318,0.35,0.48791205883026123,HEEH
1319,1.71,1.7287249565124512,HEEH
1320,1.46,0.9292742013931274,EEHEE
1321,0.84,0.8162819147109985,HEEH
1322,0.93,0.98552006483078,EEHEE
1323,1.79,1.6845455169677734,HEEH
1324,0.87,0.9695842266082764,HEEH
1325,1.76,1.692622423171997,HEEH
1326,0.86,0.9885151982307434,HEEH
1327,1.64,1.642960786819458,HHH
1328,0.47,0.9632082581520081,HEEH
1329,0.96,0.8839324116706848,EEHEE
1330,0.6,0.5007429718971252,HEEH
1331,1.78,1.6819508075714111,EEHEE
1332,1.13,0.8483040928840637,EEHEE
1333,1.58,1.3749043941497803,EHEE
1334,0.72,0.9633917212486267,EHEE
1335,1.18,1.0836682319641113,HHH
1336,1.22,1.2541172504425049,EEHEE
1337,0.66,0.7532961368560791,HHH
1338,0.85,0.6544130444526672,HHH
1339,0.83,0.645889401435852,EEHEE
1340,0.87,0.740493893623352,EHEE
1341,1.17,1.1786284446716309,HHH
1342,0.78,0.7302197217941284,HEEH
1343,1.69,1.4992029666900635,EHEE
1344,1.19,1.2551825046539307,EHEE
1345,0.73,0.7658629417419434,HHH
1346,0.46,0.6960811018943787,EEHEE
1347,0.23,0.28244227170944214,EEHEE
1348,1.18,1.0781378746032715,HHH
1349,1.77,1.71816086769104,HEEH
1350,1.65,1.708024263381958,EHEE
1351,0.65,0.6958929896354675,HEEH
1352,0.82,0.7801879644393921,HHH
1353,1.01,1.029005527496338,EEHEE
1354,0.47,0.7317109704017639,HEEH
1355,1.23,1.333679437637329,HHH
1356,0.91,0.9206653237342834,HEEH
1357,0.95,0.9168148040771484,EEHEE
1358,1.13,1.1708531379699707,HEEH
1359,1.69,1.7759006023406982,EHEE
1360,1.45,1.477107048034668,HEEH
1361,0.81,0.81409752368927,HEEH
1362,0.16,0.6985248923301697,HEEH
1363,0.75,0.8603293895721436,HEEH
1364,0.89,0.9041815996170044,EHEE
1365,0.97,1.2766292095184326,EHEE
1366,0.63,0.9758238196372986,HEEH
1367,1.24,1.1793463230133057,EEHEE
1368,1.42,1.48921799659729,HEEH
1369,0.95,0.9448175430297852,EEHEE
1370,1.15,1.2421064376831055,EHEE
1371,1.2,0.936865508556366,HHH
1372,1.26,1.1764960289001465,EHEE
1373,0.42,0.5729880332946777,EEHEE
1374,1.02,0.9589784741401672,EEHEE
1375,0.78,0.7271496057510376,HEEH
1376,0.38,0.6628701090812683,EEHEE
1377,1.41,1.3746583461761475,HHH
1378,0.92,0.8709887266159058,HEEH
1379,1.03,1.1874642372131348,EEHEE
1380,0.72,0.6802737712860107,HHH
1381,1.19,1.2961912155151367,HEEH
1382,1.05,0.8968524932861328,EEHEE
1383,1.73,1.7172353267669678,EEHEE
1384,0.94,0.9176036715507507,EHEE
1385,1.13,1.103696346282959,EEHEE
1386,1.74,1.6622898578643799,HEEH
1387,1.7,1.8074424266815186,HEEH
1388,1.08,1.4020979404449463,HEEH
1389,0.4,0.6240355372428894,EHEE
1390,0.69,0.788098931312561,HEEH
1391,-0.19,-0.03731885552406311,HEEH
1392,0.95,0.6875888705253601,HEEH
1393,1.74,1.7043073177337646,EEHEE
1394,1.11,0.9783149361610413,HEEH
1395,0.79,0.7203432321548462,HEEH
1396,1.05,1.1642272472381592,HEEH
1397,0.44,0.3680078983306885,EEHEE
1398,1.12,1.0898916721343994,HEEH
1399,1.44,1.4090352058410645,EHEE
1400,1.59,1.479811429977417,HEEH
1401,1.61,1.5637614727020264,EEHEE
1402,1.08,1.4163813591003418,EHEE
1403,1.07,1.1178936958312988,HEEH
1404,1.15,1.0481845140457153,EEHEE
1405,0.67,0.7202597856521606,EHEE
1406,0.58,0.7475173473358154,EEHEE
1407,1.1,0.8534422516822815,HEEH
1408,0.38,0.5682438611984253,HEEH
1409,0.8,0.8247907757759094,HHH
1410,1.02,1.0384712219238281,EEHEE
1411,1.01,0.9658136367797852,HEEH
1412,0.0,0.48826563358306885,EHEE
1413,1.01,1.0316251516342163,EHEE
1414,1.06,1.118276834487915,EHEE
1415,1.29,1.2311756610870361,EEHEE
1416,1.39,1.5322916507720947,EEHEE
1417,1.15,1.131211519241333,HHH
1418,0.69,0.7992501854896545,EEHEE
1419,1.21,1.1335735321044922,HEEH
1420,1.0,0.9338172078132629,EEHEE
1421,1.0,0.990023136138916,EEHEE
1422,0.77,0.5649803876876831,EHEE
1423,0.41,0.7013362646102905,EHEE
1424,1.82,1.6983051300048828,HEEH
1425,1.67,1.7328698635101318,HEEH
1426,0.65,0.7442660331726074,EEHEE
1427,1.69,1.650810718536377,EEHEE
1428,1.42,0.7069549560546875,HEEH
1429,1.4,1.339674949645996,EEHEE
1430,0.38,0.2578445374965668,HHH
1431,0.6,0.7217499613761902,EHEE
1432,1.67,1.6678671836853027,EEHEE
1433,0.76,0.895408034324646,EHEE
1434,0.91,0.9392731189727783,EEHEE
1435,0.46,0.7134925723075867,EEHEE
1436,0.71,0.7563956379890442,HEEH
1437,0.46,0.5414077043533325,EEHEE
1438,1.09,1.0520665645599365,EEHEE
1439,1.38,1.4083130359649658,HEEH
1440,1.43,1.1365296840667725,HHH
1441,0.91,0.9061159491539001,EEHEE
1442,1.59,1.5480616092681885,HHH
1443,0.2,0.6885613203048706,EHEE
1444,0.5,0.34950974583625793,EEHEE
1445,1.45,1.3502647876739502,HEEH
1446,1.6,1.5974586009979248,HEEH
1447,1.49,1.3515989780426025,HEEH
1448,1.15,0.8988412022590637,EEHEE
1449,0.22,0.9685996770858765,EEHEE
1450,0.52,0.6183915138244629,EEHEE
1451,0.4,0.6432344317436218,HHH
1452,1.72,1.7134082317352295,HHH
1453,1.34,1.3174238204956055,HHH
1454,0.68,0.7617786526679993,HHH
1455,1.13,1.0679309368133545,HHH
1456,0.58,0.5757815837860107,EEHEE
1457,1.12,1.1792337894439697,HHH
1458,1.4,1.4344449043273926,EEHEE
1459,1.23,1.4662632942199707,HHH
1460,1.7,1.7368495464324951,EEHEE
1461,1.66,1.7197847366333008,EHEE
1462,0.81,0.41013994812965393,HEEH
1463,1.05,1.090726613998413,HHH
1464,0.55,0.6487194299697876,HEEH
1465,1.54,1.459120750427246,EHEE
1466,1.48,1.340503215789795,HEEH
1467,0.83,0.7669520378112793,EEHEE
1468,1.31,1.3321642875671387,HEEH
1469,1.29,1.160834550857544,HHH
1470,0.6,0.09866803884506226,EHEE
1471,0.83,0.799904465675354,HEEH
1472,1.56,1.5658009052276611,HEEH
1473,1.21,1.1532025337219238,HEEH
1474,1.66,1.6709012985229492,HHH
1475,1.18,1.212493658065796,HHH
1476,0.13,0.17242686450481415,EEHEE
1477,0.92,0.963140070438385,EEHEE
1478,1.02,0.9734739065170288,EEHEE
1479,0.98,0.7581698894500732,EEHEE
1480,0.66,0.987466037273407,EHEE
1481,0.9,0.8103613257408142,HHH
1482,1.03,0.9040042161941528,HEEH
1483,1.72,1.6990442276000977,EHEE
1484,0.7,0.546455442905426,EEHEE
1485,0.56,0.6474329233169556,HEEH
1486,1.35,1.3103585243225098,EEHEE
1487,0.57,0.7788892388343811,EEHEE
1488,0.96,0.9308119416236877,EHEE
1489,0.95,0.890712559223175,EHEE
1490,1.68,1.5853261947631836,EEHEE
1491,1.25,0.882567822933197,EHEE
1492,0.57,0.42039626836776733,HHH
1493,0.72,1.0679476261138916,HEEH
1494,1.3,1.2642524242401123,HEEH
1495,0.56,-0.021595582365989685,EEHEE
1496,0.94,0.9582281112670898,HEEH
1497,0.8,0.8935689926147461,HHH
1498,1.05,1.0136946439743042,HEEH
1499,1.85,1.7999951839447021,EHEE
1500,0.44,0.7069430947303772,EEHEE
1501,1.05,0.9747487306594849,EHEE
1502,1.71,1.6856439113616943,EHEE
1503,0.71,0.9597563743591309,EHEE
1504,1.63,1.6226394176483154,EEHEE
1505,1.68,1.2566933631896973,EEHEE
1506,0.82,0.8334330916404724,EEHEE
1507,1.01,0.8099979758262634,HEEH
1508,1.04,1.015199899673462,HHH
1509,1.39,0.9571204781532288,EHEE
1510,1.44,1.4787545204162598,EEHEE
1511,1.77,1.7005484104156494,HHH
1512,1.34,1.1615643501281738,EHEE
1513,1.2,1.192880392074585,HHH
1514,1.72,1.5932152271270752,HEEH
1515,0.71,0.684217095375061,EHEE
1516,0.87,0.7816289663314819,HHH
1517,1.36,1.612180233001709,HEEH
1518,1.17,0.8900942802429199,HHH
1519,0.95,0.9547942280769348,HEEH
1520,1.09,0.9419113993644714,EHEE
1521,0.96,0.8480914235115051,HEEH
1522,0.95,1.126396894454956,HEEH
1523,0.71,0.7305159568786621,HEEH
1524,0.84,0.7872716188430786,EEHEE
1525,1.17,1.1671350002288818,HEEH
1526,1.55,1.4408466815948486,HEEH
1527,0.76,0.6179686188697815,HEEH
1528,0.84,0.8749422430992126,EEHEE
1529,1.35,1.4141223430633545,EEHEE
1530,0.73,0.7942234873771667,EEHEE
1531,1.73,1.6978251934051514,HEEH
1532,1.75,1.6080880165100098,EEHEE
1533,1.74,1.714315414428711,HEEH
1534,0.19,0.2471407949924469,EEHEE
1535,1.42,1.4619510173797607,EHEE
1536,0.59,0.8427664041519165,HHH
1537,0.62,0.5583637952804565,HEEH
1538,1.04,0.8196319937705994,EEHEE
1539,1.02,1.007120132446289,EEHEE
1540,0.78,0.8171935081481934,HHH
1541,0.79,0.7292299866676331,EHEE
1542,1.42,1.5115985870361328,HEEH
1543,0.89,0.9091708064079285,EHEE
1544,1.73,1.5082719326019287,EHEE
1545,0.57,0.5744295120239258,HHH
1546,1.66,1.4507851600646973,EEHEE
1547,1.01,0.9934626221656799,HHH
1548,0.7,0.6742938756942749,EEHEE
1549,1.32,0.9703002572059631,EEHEE
1550,0.78,0.7230039238929749,EEHEE
1551,1.25,1.0103399753570557,EHEE
1552,0.53,0.5172297358512878,HEEH
1553,1.08,1.1226403713226318,HEEH
1554,1.08,0.9461135268211365,EEHEE
1555,0.83,0.7693877220153809,HHH
1556,0.79,0.9772335886955261,HEEH
1557,1.22,1.0320067405700684,EHEE
1558,0.98,0.813069760799408,EHEE
1559,0.94,1.0003373622894287,EEHEE
1560,0.83,0.7151234745979309,EEHEE
1561,0.95,0.8997847437858582,EHEE
1562,1.71,1.6740870475769043,EEHEE
1563,1.27,1.1896684169769287,EHEE
1564,1.23,1.1987011432647705,HHH
1565,1.45,1.226707935333252,EEHEE
1566,0.76,0.8485723733901978,HEEH
1567,0.91,0.9364094138145447,EHEE
1568,0.96,1.0435460805892944,HEEH
1569,1.69,1.7219202518463135,EHEE
1570,1.26,1.3579201698303223,EEHEE
1571,0.56,0.2830958962440491,HEEH
1572,1.35,1.4324393272399902,EEHEE
1573,1.69,1.7507917881011963,EHEE
1574,1.42,1.4939014911651611,HEEH
1575,0.91,0.9065108299255371,EEHEE
1576,1.2,1.2134575843811035,HEEH
1577,1.74,1.571035623550415,EEHEE
1578,1.56,1.4437642097473145,HEEH
1579,1.38,1.3249592781066895,EHEE
1580,0.81,0.7419880032539368,EEHEE
1581,0.81,0.8077418208122253,HEEH
1582,0.59,0.7506521940231323,EEHEE
1583,1.25,1.1718902587890625,EEHEE
1584,1.14,1.0428136587142944,EHEE
1585,0.83,0.7236641645431519,HHH
1586,0.64,0.9650316834449768,HHH
1587,1.4,1.2413818836212158,HEEH
1588,1.58,1.4786813259124756,EEHEE
1589,1.25,1.4480457305908203,EEHEE
1590,0.3,0.314972847700119,HHH
1591,1.71,1.7520053386688232,EHEE
1592,1.64,1.6177213191986084,EHEE
1593,1.06,1.0869818925857544,EEHEE
1594,1.29,1.262134075164795,EEHEE
1595,1.76,1.706286907196045,EHEE
1596,0.57,0.32197630405426025,HEEH
1597,0.86,0.673784613609314,EHEE
1598,1.27,1.1894819736480713,HEEH
1599,0.85,0.8437187075614929,EEHEE
1600,0.82,0.9312232732772827,HEEH
1601,1.1,1.0214016437530518,EEHEE
1602,1.32,1.4712519645690918,HEEH
1603,1.45,1.2086377143859863,EEHEE
1604,1.04,0.9003115296363831,HEEH
1605,1.0,1.2475972175598145,EEHEE
1606,0.77,0.7231800556182861,HEEH
1607,1.13,1.0040173530578613,HEEH
1608,1.56,1.5564327239990234,EEHEE
1609,1.64,1.645803451538086,HHH
1610,0.06,0.2122701108455658,EHEE
1611,1.39,1.228722333908081,EHEE
1612,1.24,1.091959834098816,HEEH
1613,0.96,0.8836363554000854,EEHEE
1614,1.72,1.7394609451293945,HEEH
1615,0.89,0.8306904435157776,HHH
1616,1.09,1.048125982284546,EEHEE
1617,0.89,0.9134883880615234,HEEH
1618,1.64,1.436807632446289,EHEE
1619,1.72,1.794316291809082,EEHEE
1620,1.7,1.628915548324585,EEHEE
1621,1.73,1.680959939956665,HEEH
1622,1.78,1.7351179122924805,EHEE
1623,1.3,1.0870378017425537,HEEH
1624,0.84,0.9125680923461914,HEEH
1625,1.06,1.0601482391357422,HHH
1626,1.35,0.9362170696258545,HEEH
1627,0.73,0.783307671546936,HEEH
1628,0.5,0.5574984550476074,HEEH
1629,1.1,0.956695020198822,EHEE
1630,0.29,0.3751809000968933,EHEE
1631,1.27,1.3534824848175049,HEEH
1632,0.55,0.7909377217292786,EEHEE
1633,1.23,1.1761581897735596,HEEH
1634,1.2,1.2615132331848145,HHH
1635,0.43,0.4441741704940796,EHEE
1636,0.66,0.7854147553443909,HHH
1637,0.93,0.9192582368850708,HEEH
1638,1.58,1.5646421909332275,EEHEE
1639,1.12,0.964509129524231,HHH
1640,0.89,0.7395970225334167,HHH
1641,1.15,0.867939293384552,EHEE
1642,0.97,0.9708529710769653,EEHEE
1643,0.87,0.5944840908050537,HHH
1644,0.79,0.609992265701294,HEEH
1645,0.58,0.43488404154777527,EHEE
1646,0.72,0.7667673826217651,EHEE
1647,1.16,1.1866729259490967,HEEH
1648,1.21,1.1733806133270264,EEHEE
1649,0.63,0.6714145541191101,HHH
1650,0.17,0.4330044388771057,EHEE
1651,0.87,1.3319122791290283,HEEH
1652,0.83,0.8440626859664917,EEHEE
1653,0.98,1.1092793941497803,HHH
1654,1.17,1.121056079864502,HEEH
1655,0.61,0.8218202590942383,HEEH
1656,0.9,0.7600400447845459,HHH
1657,1.24,1.2503559589385986,HHH
1658,0.84,0.6973350644111633,EHEE
1659,0.01,0.31853941082954407,EEHEE
1660,1.73,1.6286730766296387,EEHEE
1661,1.17,1.03080415725708,EHEE
1662,1.61,1.524439811706543,EEHEE
1663,0.27,0.27993619441986084,HEEH
1664,1.09,0.9494104981422424,HHH
1665,1.7,1.6609203815460205,EEHEE
1666,0.3,0.7444930672645569,EHEE
1667,0.91,0.8287778496742249,EEHEE
1668,1.08,0.7902016043663025,HHH
1669,0.95,0.9034023284912109,EHEE
1670,0.36,0.35364365577697754,HEEH
1671,1.4,1.4051024913787842,HEEH
1672,1.8,1.7147259712219238,HEEH
1673,0.22,0.12432950735092163,HHH
1674,1.63,1.4318718910217285,HHH
1675,1.17,0.9304543137550354,EEHEE
1676,0.87,0.8252268433570862,HHH
1677,1.72,1.751110553741455,EHEE
1678,0.67,0.6505741477012634,HEEH
1679,1.75,1.4171223640441895,EHEE
1680,1.42,1.3256394863128662,HHH
1681,0.35,0.48901790380477905,HEEH
1682,0.19,0.16059555113315582,EEHEE
1683,1.1,0.7333033680915833,HHH
1684,0.92,0.9124985337257385,EEHEE
1685,0.81,0.8222900032997131,EEHEE
1686,1.25,1.2204296588897705,EEHEE
1687,1.66,1.751734972000122,HEEH
1688,1.28,1.1693246364593506,EEHEE
1689,0.67,0.9149507880210876,EEHEE
1690,0.99,0.8404372930526733,HEEH
1691,0.06,0.23262302577495575,EEHEE
1692,1.35,1.435682773590088,EHEE
1693,0.01,0.2094673365354538,HEEH
1694,0.95,0.9211243391036987,EEHEE
1695,1.15,0.9592255353927612,HHH
1696,1.29,1.2600531578063965,EEHEE
1697,0.52,0.3927428424358368,HEEH
1698,1.12,0.8918424844741821,HHH
1699,1.11,1.0305583477020264,HEEH
1700,1.0,0.9821451902389526,HEEH
1701,0.73,0.5983805656433105,HEEH
1702,1.05,0.9792106747627258,HHH
1703,1.03,1.0830450057983398,EEHEE
1704,1.46,1.469649076461792,EEHEE
1705,0.85,0.8138161301612854,HHH
1706,0.59,0.6582691073417664,HHH
1707,0.85,0.8216584324836731,EEHEE
1708,1.15,0.9230177402496338,HHH
1709,0.73,0.7258475422859192,HEEH
1710,0.8,0.858593761920929,EEHEE
1711,0.47,0.6007536053657532,EEHEE
1712,0.94,0.9544039368629456,EEHEE
1713,1.2,1.190011739730835,EHEE
1714,0.69,0.9529188275337219,HEEH
1715,1.7,1.6947033405303955,EEHEE
1716,1.7,1.733119249343872,EEHEE
1717,1.93,1.7379393577575684,EEHEE
1718,0.93,0.9023270606994629,HHH
1719,0.86,0.7491496205329895,EEHEE
1720,1.16,1.1278021335601807,EEHEE
1721,1.4,1.4009218215942383,EHEE
1722,1.2,1.110558032989502,HHH
1723,1.54,1.4971349239349365,HEEH
1724,1.14,1.0638654232025146,EEHEE
1725,0.47,0.7969979643821716,EHEE
1726,0.52,0.5194684267044067,HHH
1727,1.44,1.3327891826629639,EEHEE
1728,1.01,0.9755732417106628,EEHEE
1729,1.22,1.1559183597564697,HEEH
1730,1.36,1.47590970993042,EHEE
1731,0.91,0.8393593430519104,HHH
1732,0.16,0.6472445726394653,HEEH
1733,1.37,1.3228387832641602,HEEH
1734,0.9,0.9228049516677856,HEEH
1735,0.75,0.6867894530296326,HHH
1736,1.07,1.0393378734588623,HEEH
1737,0.61,0.5487754344940186,EEHEE
1738,1.31,1.3040993213653564,HEEH
1739,0.91,1.073195219039917,HEEH
1740,1.1,0.959181547164917,EHEE
1741,1.68,1.689040184020996,EEHEE
1742,0.65,0.6751575469970703,EEHEE
1743,0.67,0.6813486218452454,HHH
1744,1.65,1.4705252647399902,EHEE
1745,1.44,1.422980546951294,HHH
1746,-0.43,0.07681030035018921,EEHEE
1747,1.77,1.6214139461517334,EEHEE
1748,1.02,0.9886369109153748,EHEE
1749,0.07,0.14293864369392395,HEEH
1750,1.75,1.682628870010376,HEEH
1751,1.12,1.2005870342254639,HHH
1752,0.93,1.0327017307281494,HHH
1753,0.92,1.046501874923706,HHH
1754,0.84,1.065624475479126,HHH
1755,1.23,1.257263422012329,HHH
1756,0.18,0.3274919390678406,EEHEE
1757,0.47,0.3382466435432434,EHEE
1758,1.27,0.5497767925262451,HEEH
1759,0.99,1.0948681831359863,EEHEE
1760,0.65,0.9238139390945435,EEHEE
1761,1.68,1.7125537395477295,HHH
1762,0.92,0.9798763394355774,EEHEE
1763,1.22,1.0912678241729736,HEEH
1764,1.17,1.0271847248077393,HHH
1765,1.2,1.1346721649169922,HEEH
1766,1.01,0.6874586343765259,EHEE
1767,0.85,1.0124579668045044,HHH
1768,0.82,0.6993672251701355,HHH
1769,1.73,1.5700013637542725,EEHEE
1770,0.91,0.9635009765625,HHH
1771,0.73,0.4425462484359741,HHH
1772,0.73,0.8659943342208862,HEEH
1773,1.0,0.850828230381012,EHEE
1774,1.12,1.1223137378692627,HEEH
1775,1.44,1.3854162693023682,EEHEE
1776,0.81,0.7345187067985535,HHH
1777,1.03,1.0184682607650757,EEHEE
1778,0.89,0.896658718585968,EEHEE
1779,0.96,1.0411264896392822,EEHEE
1780,0.99,0.6554905772209167,EEHEE
1781,1.21,1.198042631149292,HHH
1782,1.11,1.0853443145751953,EEHEE
1783,0.98,0.9422566890716553,HHH
1784,0.62,0.3528916835784912,HEEH
1785,0.53,0.32427412271499634,EEHEE
1786,1.72,1.7613165378570557,HHH
1787,1.01,0.8166633248329163,HEEH
1788,0.91,1.3934435844421387,HEEH
1789,0.58,0.638481855392456,EHEE
1790,0.86,0.9885275959968567,EHEE
1791,0.25,0.07793962955474854,HHH
1792,1.32,1.308438777923584,HEEH
1793,0.77,0.8115398287773132,EHEE
1794,0.62,0.671736478805542,EHEE
1795,0.89,0.9557282328605652,HEEH
1796,1.67,1.649719476699829,EEHEE
1797,0.05,0.9777633547782898,HEEH
1798,1.02,1.0082929134368896,EHEE
1799,1.74,1.5992803573608398,EEHEE
1800,0.68,0.7697214484214783,EHEE
1801,0.37,0.30390670895576477,HHH
1802,0.64,0.6149356365203857,HEEH
1803,0.91,0.999919593334198,EHEE
1804,0.42,0.4917420744895935,HEEH
1805,0.41,0.7217555046081543,EEHEE
1806,0.96,0.9905992150306702,EHEE
1807,1.15,0.9814419150352478,HHH
1808,0.89,0.9288459420204163,EHEE
1809,0.84,0.7595968842506409,EHEE
1810,0.92,0.6363716721534729,EHEE
1811,1.29,1.338916540145874,HEEH
1812,0.87,0.9460219740867615,HEEH
1813,1.76,1.7598323822021484,HEEH
1814,1.15,1.0523231029510498,EHEE
1815,0.66,0.6834220290184021,HEEH
1816,1.15,1.394090175628662,EEHEE
1817,1.37,1.3623569011688232,EHEE
1818,1.15,1.0984368324279785,EEHEE
1819,0.38,0.4332728087902069,HEEH
1820,0.56,0.7012316584587097,HEEH
1821,0.81,0.6326472163200378,EHEE
1822,0.06,0.4040358364582062,EHEE
1823,0.65,0.6437298655509949,EEHEE
1824,1.02,1.1109731197357178,HEEH
1825,1.71,1.6758286952972412,HEEH
1826,0.75,0.6658126711845398,EHEE
1827,1.51,1.4126088619232178,EEHEE
1828,0.27,0.2895403802394867,HEEH
1829,0.54,0.5673901438713074,HEEH
1830,0.96,0.6153918504714966,EHEE
1831,0.39,0.44508808851242065,EEHEE
1832,1.01,0.9238982200622559,EHEE
1833,0.56,1.0915167331695557,EHEE
1834,1.06,1.0089874267578125,HHH
1835,0.97,0.8863391280174255,EHEE
1836,1.09,0.8762617111206055,EHEE
1837,1.66,1.709157943725586,EHEE
1838,1.72,1.7110927104949951,EHEE
1839,0.9,0.9935576915740967,HHH
1840,1.22,1.097487211227417,HEEH
1841,0.74,0.4714650511741638,HEEH
1842,1.31,1.2628028392791748,HEEH
1843,0.99,0.8813261985778809,HHH
1844,1.67,1.4858982563018799,EHEE
1845,1.23,1.1376290321350098,HHH
1846,1.31,1.280376672744751,HHH
1847,1.37,1.2710983753204346,EEHEE
1848,1.19,1.0736851692199707,HHH
1849,1.03,0.7593516707420349,HHH
1850,1.65,1.4919664859771729,EEHEE
1851,0.92,0.6695010662078857,EHEE
1852,0.83,0.7710949778556824,EHEE
1853,1.16,1.142383098602295,EEHEE
1854,0.89,0.9587560892105103,EEHEE
1855,0.76,0.9120594263076782,HHH
1856,1.12,1.354543924331665,EEHEE
1857,1.21,1.1779956817626953,HEEH
1858,0.95,0.4342228174209595,HHH
1859,0.68,0.7414951920509338,HHH
1860,1.67,1.4600770473480225,HEEH
1861,1.09,1.351790189743042,EEHEE
1862,0.95,1.0796470642089844,HEEH
1863,1.41,1.3543031215667725,EHEE
1864,0.72,0.7994824647903442,HHH
1865,1.1,1.2230393886566162,EHEE
1866,1.42,1.47688627243042,EEHEE
1867,0.76,0.6008023023605347,HHH
1868,1.11,0.9419731497764587,HHH
1869,0.5,0.761871337890625,HHH
1870,0.43,0.5606598854064941,HEEH
1871,1.67,1.69014310836792,HEEH
1872,1.76,1.7128567695617676,HEEH
1873,1.08,0.9873126149177551,EEHEE
1874,0.32,0.2049550563097,HHH
1875,0.87,0.792553722858429,HHH
1876,1.05,1.0297698974609375,EEHEE
1877,0.64,0.7504420876502991,EHEE
1878,0.93,0.901820957660675,HHH
1879,0.9,0.8428524136543274,HHH
1880,1.07,0.749991238117218,EEHEE
1881,1.72,1.7438676357269287,EHEE
1882,0.77,0.8833937644958496,HEEH
1883,1.1,1.1727933883666992,EHEE
1884,0.91,0.982009768486023,HEEH
1885,1.37,1.4241960048675537,EHEE
1886,0.69,0.6726554036140442,HHH
1887,1.31,1.2050340175628662,HEEH
1888,0.88,0.9391376376152039,HEEH
1889,0.95,0.9348461031913757,HHH
1890,0.82,0.6380602717399597,EEHEE
1891,1.49,1.4719748497009277,HEEH
1892,1.14,0.9650917053222656,HHH
1893,1.57,1.1888625621795654,HHH
1894,0.92,0.8505813479423523,EHEE
1895,1.15,0.8509756922721863,EHEE
1896,0.92,1.0125365257263184,EEHEE
1897,0.23,0.08752445876598358,HHH
1898,0.78,0.611984372138977,HEEH
1899,1.7,1.6441879272460938,EHEE
1900,0.82,0.7427597045898438,HEEH
1901,1.06,1.1377949714660645,HEEH
1902,1.62,1.4746456146240234,HEEH
1903,0.76,0.7057387232780457,HHH
1904,0.75,0.9687163233757019,HEEH
1905,2.13,1.8012492656707764,HEEH
1906,1.02,1.0094313621520996,EHEE
1907,0.37,0.28145653009414673,HEEH
1908,1.05,0.9458906650543213,EHEE
1909,0.74,0.7451145648956299,HEEH
1910,1.43,1.3588528633117676,EHEE
1911,1.55,1.4035511016845703,HHH
1912,1.46,1.4289753437042236,EEHEE
1913,0.6,0.7932931780815125,HHH
1914,0.93,0.8137536644935608,EEHEE
1915,0.91,1.0074126720428467,EEHEE
1916,1.22,0.8343895077705383,EEHEE
1917,1.07,0.9615723490715027,EEHEE
1918,0.96,0.9320060014724731,EEHEE
1919,1.04,1.046461582183838,HEEH
1920,0.91,0.8670077919960022,EEHEE
1921,0.35,0.35269880294799805,HHH
1922,1.23,1.1198270320892334,HHH
1923,1.21,1.1769177913665771,EEHEE
1924,1.54,1.4331917762756348,EHEE
1925,0.64,0.7441034317016602,EHEE
1926,1.2,1.1772541999816895,EEHEE
1927,1.0,0.8504805564880371,HHH
1928,1.66,1.3696479797363281,EHEE
1929,1.36,1.3866260051727295,HHH
1930,0.68,0.5822224617004395,HHH
1931,0.65,0.6214199662208557,EEHEE
1932,0.77,0.702409565448761,EEHEE
1933,0.88,0.970947265625,HEEH
1934,1.36,1.0938563346862793,EHEE
1935,0.83,0.7636882066726685,EEHEE
1936,1.32,1.290205478668213,HHH
1937,0.88,0.9357512593269348,EHEE
1938,1.06,0.9930998682975769,HEEH
1939,1.78,1.7047274112701416,HEEH
1940,1.75,1.7196238040924072,HEEH
1941,1.15,1.1041176319122314,HEEH
1942,1.28,1.0620837211608887,HEEH
1943,0.59,0.7463074326515198,EEHEE
1944,0.23,0.6940189599990845,HEEH
1945,0.99,0.9997192025184631,EHEE
1946,0.68,0.7515222430229187,EHEE
1947,0.64,0.6391456127166748,HEEH
1948,0.4,0.4488157331943512,HHH
1949,0.53,0.4625908136367798,HEEH
1950,0.29,0.3093867599964142,EEHEE
1951,1.78,1.7883238792419434,EHEE
1952,1.21,1.3139467239379883,EEHEE
1953,1.04,1.0128343105316162,EHEE
1954,0.57,0.2843042314052582,EEHEE
1955,0.94,0.7940613627433777,HEEH
1956,1.41,1.2432663440704346,HEEH
1957,0.72,0.6154894828796387,EHEE
1958,0.83,1.095045804977417,EEHEE
1959,1.12,1.0891937017440796,HHH
1960,1.47,1.3699493408203125,EEHEE
1961,1.09,0.8396071195602417,HHH
1962,1.18,0.91275954246521,EEHEE
1963,1.24,1.1064820289611816,EHEE
1964,1.69,1.3920388221740723,HEEH
1965,0.91,0.8954710960388184,HHH
1966,1.66,1.5557937622070312,HHH
1967,1.71,1.619602918624878,HHH
1968,1.25,1.0310821533203125,HEEH
1969,1.08,1.0749645233154297,HEEH
1970,1.22,0.9679328799247742,HEEH
1971,1.7,1.6791629791259766,HHH
1972,1.11,1.2020511627197266,HHH
1973,0.85,0.964623749256134,EHEE
1974,1.02,0.8987268805503845,HHH
1975,0.78,0.9846357107162476,HEEH
1976,0.78,0.8299171924591064,HHH
1977,1.0,0.9445976614952087,HEEH
1978,1.02,1.1623809337615967,EEHEE
1979,0.92,0.973094642162323,EEHEE
1980,0.98,0.9700747132301331,EEHEE
1981,1.04,1.1433906555175781,EEHEE
1982,1.36,1.4120190143585205,EEHEE
1983,1.13,1.2082250118255615,EHEE
1984,1.17,0.9542903900146484,EHEE
1985,0.12,0.27793535590171814,EEHEE
1986,1.43,1.4918122291564941,HEEH
1987,1.05,0.9864203929901123,EEHEE
1988,1.07,1.123077154159546,HEEH
1989,0.62,0.7351611256599426,EHEE
1990,1.36,1.3939321041107178,EEHEE
1991,0.75,0.7063022255897522,HHH
1992,0.81,0.7179991006851196,HEEH
1993,1.72,1.675478219985962,HHH
1994,1.17,1.1920576095581055,EHEE
1995,0.64,0.6098884344100952,EEHEE
1996,0.87,0.9327210783958435,EEHEE
1997,0.64,0.8209391832351685,HEEH
1998,0.65,0.6274712085723877,HHH
1999,0.99,1.0065736770629883,EEHEE
2000,1.68,1.717613697052002,EEHEE
2001,0.63,0.4544662833213806,EHEE
2002,1.28,1.243741512298584,EEHEE
2003,0.94,0.8998483419418335,EHEE
2004,0.13,1.1718134880065918,EEHEE
2005,0.27,0.6540066003799438,EEHEE
2006,0.76,0.816146194934845,EEHEE
2007,0.49,0.43241044878959656,HHH
2008,1.74,1.7167103290557861,HEEH
2009,0.42,0.40955355763435364,EEHEE
2010,1.03,0.9978798627853394,HHH
2011,1.21,0.9742532968521118,HHH
2012,0.73,0.5923644304275513,EEHEE
2013,1.38,1.3971474170684814,HHH
2014,0.99,0.7344126105308533,HHH
2015,0.32,0.29589664936065674,HHH
2016,1.13,1.145928144454956,HEEH
2017,1.05,0.8981336951255798,HHH
2018,1.24,1.0694360733032227,EEHEE
2019,0.98,0.9128570556640625,HEEH
2020,0.8,0.7252583503723145,HHH
2021,0.9,0.7665797472000122,HHH
2022,0.81,0.8774271607398987,HHH
2023,0.58,0.5939145088195801,HEEH
2024,1.32,1.318129539489746,HEEH
2025,0.91,0.9887272119522095,HEEH
2026,1.3,1.220177412033081,HEEH
2027,1.43,1.7337534427642822,EEHEE
2028,0.83,0.9234738945960999,EHEE
2029,0.49,0.5364847183227539,HEEH
2030,0.69,0.8033221364021301,EEHEE
2031,1.67,1.7203476428985596,EHEE
2032,0.69,0.9177494049072266,EEHEE
2033,1.25,1.201641321182251,EHEE
2034,1.0,0.940083384513855,HHH
2035,0.88,0.9244242906570435,HHH
2036,0.95,0.8364859223365784,HEEH
2037,1.11,0.9788422584533691,EHEE
2038,1.36,1.335848093032837,HHH
2039,0.88,0.8594385385513306,EHEE
2040,0.72,0.699420690536499,EHEE
2041,1.23,1.20147705078125,EHEE
2042,1.0,0.9931917786598206,EHEE
2043,0.85,1.0182774066925049,EEHEE
2044,0.2,0.22989895939826965,HEEH
2045,0.83,0.731156051158905,HHH
2046,1.29,1.337655782699585,HHH
2047,0.74,0.8677986264228821,EEHEE
2048,1.7,1.7102091312408447,HHH
2049,0.81,0.7949712872505188,HHH
2050,0.85,0.9444324970245361,HEEH
2051,0.94,0.9712731242179871,HEEH
2052,1.06,1.3653090000152588,EEHEE
2053,1.0,0.8571343421936035,EEHEE
2054,1.16,0.9176838994026184,EHEE
2055,0.79,0.623343288898468,EEHEE
2056,0.34,0.46825337409973145,HHH
2057,1.79,1.710278034210205,HEEH
2058,0.61,0.613455593585968,EEHEE
2059,1.72,1.6996216773986816,EEHEE
2060,0.81,0.6615735292434692,HHH
2061,0.94,0.6359460949897766,EEHEE
2062,1.59,1.4814717769622803,EHEE
2063,1.07,1.042887806892395,EHEE
2064,1.15,0.9384503364562988,HHH
2065,1.47,1.3297009468078613,HEEH
2066,0.91,0.9333754181861877,EHEE
2067,0.89,0.8903689384460449,HHH
2068,0.57,0.5744377970695496,EEHEE
2069,0.92,0.9104290008544922,EEHEE
2070,0.43,0.48891326785087585,HEEH
2071,0.66,0.8425298929214478,HHH
2072,1.23,1.154374361038208,EHEE
2073,1.36,1.2871482372283936,EHEE
2074,1.59,1.6764886379241943,EEHEE
2075,1.1,0.8944584131240845,EHEE
2076,0.65,0.7651365399360657,HEEH
2077,0.73,1.1260595321655273,EEHEE
2078,1.71,1.7204477787017822,EHEE
2079,0.78,0.6585254669189453,EEHEE
2080,1.09,0.9240410327911377,EHEE
2081,0.73,0.8420743346214294,HEEH
2082,0.73,0.67293781042099,HHH
2083,1.7,1.7317092418670654,HHH
2084,1.42,1.3035874366760254,HEEH
2085,1.64,1.686939001083374,EEHEE
2086,1.4,1.3579025268554688,EEHEE
2087,0.69,0.855758547782898,HEEH
2088,1.31,1.2866666316986084,HEEH
2089,1.3,1.1872611045837402,EHEE
2090,1.66,1.487623929977417,HHH
2091,1.3,1.2961182594299316,HHH
2092,0.39,0.2413862943649292,HEEH
2093,1.59,1.7991068363189697,HEEH
2094,1.41,1.6324703693389893,HHH
2095,1.48,1.2771685123443604,EEHEE
2096,0.98,0.8928356170654297,HHH
2097,1.56,1.5372259616851807,EEHEE
2098,1.83,1.725046157836914,HHH
2099,1.18,1.1166679859161377,HEEH
2100,0.92,0.9998417496681213,EHEE
2101,0.73,0.6853296160697937,EHEE
2102,1.27,1.364769458770752,HEEH
2103,1.02,1.0840972661972046,EEHEE
2104,0.93,1.0568058490753174,EHEE
2105,1.47,1.3549485206604004,HEEH
2106,1.67,1.6722497940063477,HEEH
2107,1.04,1.015101671218872,EEHEE
2108,1.09,0.9662559628486633,EHEE
2109,1.09,0.8524284362792969,HHH
2110,1.42,1.2898244857788086,EEHEE
2111,0.86,0.7274336814880371,EHEE
2112,1.24,1.1022531986236572,EEHEE
2113,0.87,0.838111162185669,HEEH
2114,1.47,1.3682472705841064,HEEH
2115,1.18,0.8374035358428955,HEEH
2116,0.66,0.6803813576698303,HHH
2117,0.32,1.1020267009735107,HHH
2118,1.12,0.9420084357261658,EEHEE
2119,1.03,0.9295010566711426,EEHEE
2120,0.63,0.3447840213775635,EEHEE
2121,1.57,1.423454761505127,EEHEE
2122,1.52,1.732978105545044,HEEH
2123,0.26,0.7704585790634155,EHEE
2124,0.94,0.8448097705841064,EEHEE
2125,0.93,0.7917525172233582,EHEE
2126,1.14,0.9677403569221497,EHEE
2127,1.73,1.6779365539550781,HEEH
2128,1.28,1.1421942710876465,HHH
2129,1.37,1.1386029720306396,HEEH
2130,0.99,0.9334984421730042,HEEH
2131,0.92,1.0825151205062866,EEHEE
2132,1.02,0.589484691619873,HEEH
2133,1.78,1.7507092952728271,HHH
2134,0.8,0.8165668845176697,HEEH
2135,0.56,0.7936152219772339,EEHEE
2136,1.07,0.7752713561058044,HHH
2137,0.72,0.9832795858383179,EEHEE
