,loss,mae,mse,R2,val_loss,val_mae,val_mse,val_R2
0,0.3617902100086212,0.2888190448284149,0.1432122439146042,0.03043370693922043,0.28609025478363037,0.22201113402843475,0.08402681350708008,0.46000733971595764
1,0.260805606842041,0.19566774368286133,0.07029137760400772,0.5452870726585388,0.2599221467971802,0.19901996850967407,0.0691806972026825,0.546981155872345
2,0.25320565700531006,0.1871742159128189,0.06659393012523651,0.5633887648582458,0.2568894326686859,0.196259543299675,0.06771595031023026,0.5561195611953735
3,0.24678361415863037,0.1825488954782486,0.06310523301362991,0.582199215888977,0.24868537485599518,0.18489833176136017,0.06384364515542984,0.5826593637466431
4,0.24050703644752502,0.17709358036518097,0.059968460351228714,0.6037971377372742,0.2517983913421631,0.18276815116405487,0.06563643366098404,0.5734276175498962
5,0.2391786128282547,0.1760261058807373,0.05919373035430908,0.6141629219055176,0.24118781089782715,0.17469534277915955,0.060563307255506516,0.6054301261901855
6,0.2316061556339264,0.17069901525974274,0.05541132017970085,0.6323255896568298,0.2435511350631714,0.17534419894218445,0.06150282546877861,0.5997937321662903
7,0.23184926807880402,0.1706770956516266,0.05576511099934578,0.6311783194541931,0.24160143733024597,0.18584874272346497,0.05962401255965233,0.6076213121414185
8,0.2264718860387802,0.16710396111011505,0.05349636822938919,0.6515908241271973,0.23427532613277435,0.1769510954618454,0.056389980018138885,0.6291484236717224
9,0.2252773940563202,0.1663302332162857,0.05276884511113167,0.6522449851036072,0.2291470468044281,0.1705465018749237,0.054115694016218185,0.6429824233055115
10,0.21950221061706543,0.1619149148464203,0.04982801899313927,0.6689106225967407,0.22705955803394318,0.16794602572917938,0.05367766320705414,0.6497541069984436
11,0.21693167090415955,0.1610257774591446,0.04887257143855095,0.68097323179245,0.23718766868114471,0.17052385210990906,0.058502763509750366,0.6178660988807678
12,0.21296608448028564,0.157307431101799,0.04715244472026825,0.6915051937103271,0.22208456695079803,0.16562524437904358,0.0511065348982811,0.6647101640701294
13,0.21448227763175964,0.15893492102622986,0.047551870346069336,0.6874732375144958,0.22291062772274017,0.16424687206745148,0.051883623003959656,0.6605423092842102
14,0.21441613137722015,0.15892533957958221,0.04745884984731674,0.6853399872779846,0.22832176089286804,0.17525963485240936,0.053540702909231186,0.6466794013977051
15,0.21137891709804535,0.15681716799736023,0.046507254242897034,0.6946167349815369,0.2536426782608032,0.18904058635234833,0.06704281270503998,0.5635178089141846
16,0.2095373123884201,0.15546442568302155,0.04549321532249451,0.698470950126648,0.22205114364624023,0.1686762571334839,0.050625499337911606,0.6681837439537048
17,0.20757465064525604,0.1536978930234909,0.04478694498538971,0.7028206586837769,0.21674318611621857,0.16368451714515686,0.04833300784230232,0.6811121702194214
18,0.20620548725128174,0.15260620415210724,0.04415829852223396,0.707423210144043,0.22094987332820892,0.17142514884471893,0.04997080937027931,0.671643078327179
19,0.2040223926305771,0.15064610540866852,0.043099530041217804,0.7143929600715637,0.22256487607955933,0.16492144763469696,0.05160190165042877,0.6629105806350708
20,0.20213468372821808,0.14947767555713654,0.04230157658457756,0.7185662388801575,0.2366013079881668,0.18444275856018066,0.05693860352039337,0.6255215406417847
21,0.20247824490070343,0.14964626729488373,0.04232696443796158,0.7175315022468567,0.22443503141403198,0.16334643959999084,0.05244070291519165,0.6590089201927185
22,0.20066413283348083,0.14770136773586273,0.04159804433584213,0.721491813659668,0.22457537055015564,0.1642458140850067,0.052489493042230606,0.6567538380622864
23,0.1995488405227661,0.14695285260677338,0.04120498523116112,0.7273129224777222,0.21291081607341766,0.15842291712760925,0.047167111188173294,0.6911221742630005
24,0.19748163223266602,0.14495667815208435,0.04043825715780258,0.7347238063812256,0.21129493415355682,0.16074270009994507,0.04593810439109802,0.6969528794288635
25,0.1986570805311203,0.14658328890800476,0.04091094061732292,0.7278503179550171,0.2210734635591507,0.17019149661064148,0.05008987337350845,0.6707702279090881
26,0.19652128219604492,0.14444735646247864,0.03990980610251427,0.7358172535896301,0.21065472066402435,0.15392211079597473,0.04621221125125885,0.696284830570221
27,0.19459383189678192,0.1437513679265976,0.03939249366521835,0.7387362718582153,0.21741023659706116,0.1576150506734848,0.04910581186413765,0.6795313358306885
28,0.19212205708026886,0.14074619114398956,0.03818559646606445,0.7486934661865234,0.22415807843208313,0.16417664289474487,0.05246610566973686,0.6592354774475098
29,0.1940310150384903,0.14293792843818665,0.03880346566438675,0.7433852553367615,0.20641100406646729,0.15646710991859436,0.043877456337213516,0.7101154923439026
30,0.19279776513576508,0.1419091373682022,0.03850867599248886,0.7437939643859863,0.2097947895526886,0.1577633172273636,0.045476481318473816,0.7005749940872192
31,0.19081658124923706,0.14076972007751465,0.03781688213348389,0.7481862902641296,0.2115560919046402,0.16052678227424622,0.04582997038960457,0.6973598599433899
32,0.18823713064193726,0.1388349086046219,0.0369449146091938,0.7538180947303772,0.2074277251958847,0.1506933718919754,0.04497512802481651,0.7048861384391785
33,0.18916159868240356,0.13982339203357697,0.036982446908950806,0.7544829845428467,0.2104755938053131,0.15961399674415588,0.045900240540504456,0.6970717906951904
34,0.18794089555740356,0.13785527646541595,0.036619558930397034,0.753797709941864,0.23930352926254272,0.18893899023532867,0.058397483080625534,0.6074175238609314
35,0.1876925528049469,0.1382157802581787,0.036711111664772034,0.7567765116691589,0.20530031621456146,0.14797177910804749,0.04378050938248634,0.7108880281448364
36,0.1864854097366333,0.13643565773963928,0.036067426204681396,0.7592236399650574,0.2035066783428192,0.15081505477428436,0.042906541377305984,0.7177050113677979
37,0.1868228167295456,0.13780850172042847,0.036229535937309265,0.7570186853408813,0.2073879987001419,0.1505996733903885,0.04450073093175888,0.7037549614906311
38,0.18649423122406006,0.1369791179895401,0.036147791892290115,0.7591434717178345,0.19945767521858215,0.14849205315113068,0.04107997193932533,0.7283923029899597
39,0.18448586761951447,0.13573218882083893,0.035296838730573654,0.7662080526351929,0.20332294702529907,0.1519322395324707,0.04249321669340134,0.7169792652130127
40,0.1838633269071579,0.13498418033123016,0.035018548369407654,0.766974151134491,0.2037275731563568,0.14973308145999908,0.04295031353831291,0.7158557772636414
41,0.18261879682540894,0.13441777229309082,0.03451402112841606,0.7686081528663635,0.20646746456623077,0.15108588337898254,0.044369105249643326,0.7078644633293152
42,0.18347668647766113,0.13489332795143127,0.03502611815929413,0.7670398354530334,0.20045192539691925,0.14447461068630219,0.041875336319208145,0.7235342860221863
43,0.182878315448761,0.13439349830150604,0.03481057658791542,0.7699877619743347,0.2058095782995224,0.14930811524391174,0.04418879374861717,0.7092865705490112
44,0.1814238429069519,0.13251712918281555,0.03403899446129799,0.7730177640914917,0.19812868535518646,0.1441839635372162,0.04088892787694931,0.7297911047935486
45,0.1812235713005066,0.13343225419521332,0.03407081216573715,0.7737677097320557,0.19664537906646729,0.14600470662117004,0.04004530981183052,0.7339632511138916
46,0.17978015542030334,0.13178826868534088,0.033606067299842834,0.7787115573883057,0.20507268607616425,0.14835108816623688,0.043920934200286865,0.7131679654121399
47,0.1784430295228958,0.13119104504585266,0.03305511921644211,0.7819293737411499,0.19883233308792114,0.14520369470119476,0.040790706872940063,0.7296319603919983
48,0.17858047783374786,0.13121215999126434,0.032985102385282516,0.7788606882095337,0.20536407828330994,0.15134833753108978,0.043459806591272354,0.7103356122970581
49,0.18027567863464355,0.13230927288532257,0.033611658960580826,0.7737677097320557,0.2051914930343628,0.1526763141155243,0.043656520545482635,0.7089931964874268
50,0.17908719182014465,0.13137422502040863,0.033101316541433334,0.7807889580726624,0.22765962779521942,0.17161394655704498,0.052912499755620956,0.6437358260154724
51,0.17905518412590027,0.13136224448680878,0.03336386755108833,0.7777463793754578,0.2066047489643097,0.14685070514678955,0.044907573610544205,0.7067632079124451
52,0.1822820007801056,0.13342981040477753,0.034475892782211304,0.769055962562561,0.20448242127895355,0.15239854156970978,0.04311167821288109,0.7145509123802185
53,0.17743627727031708,0.13076311349868774,0.0326811783015728,0.7806891798973083,0.20086203515529633,0.1442960649728775,0.04214544594287872,0.7249267101287842
54,0.17689208686351776,0.12927106022834778,0.0326860249042511,0.7821077108383179,0.20431452989578247,0.1525687724351883,0.04293416440486908,0.7129582166671753
55,0.17506465315818787,0.1280655711889267,0.031771063804626465,0.7860918641090393,0.20671476423740387,0.15847061574459076,0.04369461163878441,0.7075854539871216
56,0.17773929238319397,0.1302844136953354,0.032649725675582886,0.7806122303009033,0.20908668637275696,0.15062345564365387,0.0460372157394886,0.7037158012390137
57,0.1722157597541809,0.12606070935726166,0.03079824335873127,0.7944103479385376,0.20248979330062866,0.1487332135438919,0.0426340214908123,0.7164941430091858
58,0.17436416447162628,0.1277243196964264,0.03154760226607323,0.7904351353645325,0.19769386947155,0.14220812916755676,0.04068000614643097,0.7324299812316895
59,0.17272977530956268,0.12680727243423462,0.03092178702354431,0.7953002452850342,0.20506125688552856,0.15544788539409637,0.04309118911623955,0.7137793898582458
60,0.17128238081932068,0.12510241568088531,0.03051488846540451,0.7963163256645203,0.1924869418144226,0.1411581188440323,0.03860820457339287,0.7467369437217712
61,0.1726951003074646,0.12668655812740326,0.03087647631764412,0.7925076484680176,0.19781844317913055,0.1466560959815979,0.04046207293868065,0.7323333621025085
62,0.17100642621517181,0.12485338747501373,0.03050338104367256,0.7951992750167847,0.191422700881958,0.14349058270454407,0.03809168562293053,0.7509348392486572
63,0.17053118348121643,0.12574751675128937,0.030236171558499336,0.8001265525817871,0.1952589452266693,0.14384572207927704,0.039452940225601196,0.7396902441978455
64,0.16970433294773102,0.12454265356063843,0.030014650896191597,0.7999347448348999,0.19032703340053558,0.13717152178287506,0.03797946870326996,0.7529376745223999
65,0.1683841496706009,0.12333723157644272,0.029488418251276016,0.8013118505477905,0.19295643270015717,0.1407255232334137,0.03863053768873215,0.7464163303375244
66,0.16874413192272186,0.12381044775247574,0.029594631865620613,0.8024175763130188,0.19367991387844086,0.1422334611415863,0.03907207027077675,0.7413750886917114
67,0.16967780888080597,0.12485706806182861,0.029902517795562744,0.7986657619476318,0.19268269836902618,0.13859736919403076,0.03876635059714317,0.7457136511802673
68,0.1675342470407486,0.12300582230091095,0.029249269515275955,0.8056325912475586,0.18955594301223755,0.1376969963312149,0.03758995234966278,0.7554285526275635
69,0.1671140193939209,0.12187570333480835,0.02898828312754631,0.8061668276786804,0.19041644036769867,0.13637582957744598,0.03799176216125488,0.752422571182251
70,0.16674402356147766,0.12236078828573227,0.028864048421382904,0.8085598349571228,0.19463405013084412,0.14078277349472046,0.039890699088573456,0.740869402885437
71,0.16803207993507385,0.12322480231523514,0.029397452250123024,0.8042533993721008,0.1938721090555191,0.14042142033576965,0.03975546732544899,0.7441985011100769
72,0.16780054569244385,0.12277095764875412,0.029263583943247795,0.8041926622390747,0.19971229135990143,0.14428988099098206,0.04195341095328331,0.7281333208084106
73,0.16929486393928528,0.12415467202663422,0.02976129949092865,0.7998747229576111,0.1879138946533203,0.13602249324321747,0.036935608834028244,0.758592963218689
74,0.16783595085144043,0.12303265929222107,0.029161831364035606,0.8044053316116333,0.18850046396255493,0.13469365239143372,0.037119604647159576,0.7583382725715637
75,0.16655611991882324,0.12193764746189117,0.028728045523166656,0.8064526319503784,0.19098851084709167,0.13736818730831146,0.03827648609876633,0.7490497827529907
76,0.1642449051141739,0.12070175260305405,0.028115196153521538,0.8099286556243896,0.19047077000141144,0.13828013837337494,0.037770871073007584,0.7537572383880615
77,0.1647883504629135,0.12106841057538986,0.02818354219198227,0.8122873902320862,0.1878286600112915,0.13460597395896912,0.03684426099061966,0.7589848041534424
78,0.16510486602783203,0.12040267884731293,0.028196658939123154,0.8112606406211853,0.19193938374519348,0.1380482316017151,0.038565393537282944,0.7483382225036621
79,0.16633537411689758,0.12249494343996048,0.028720572590827942,0.8081673979759216,0.18936260044574738,0.1363433450460434,0.037401121109724045,0.7564367651939392
80,0.1651679277420044,0.12191501259803772,0.0283421091735363,0.809007465839386,0.18872211873531342,0.13823442161083221,0.036990705877542496,0.7568088173866272
81,0.1643325388431549,0.12095265090465546,0.028055019676685333,0.8116201162338257,0.1926712691783905,0.1400814801454544,0.039123278111219406,0.7474110722541809
82,0.1627708077430725,0.1193271353840828,0.027524668723344803,0.8158251047134399,0.1865813285112381,0.13449576497077942,0.0363740399479866,0.7646417021751404
83,0.1641460508108139,0.12047629803419113,0.027954071760177612,0.8137046694755554,0.1917337030172348,0.13788390159606934,0.03851725161075592,0.7515685558319092
84,0.16196151077747345,0.11928954720497131,0.027232229709625244,0.8172898292541504,0.1874481439590454,0.13957639038562775,0.03638985753059387,0.7631487250328064
85,0.162100687623024,0.11915688961744308,0.02724759839475155,0.818533182144165,0.18722869455814362,0.13658463954925537,0.036414992064237595,0.7614158391952515
86,0.16142812371253967,0.1188417375087738,0.027101116254925728,0.8195716738700867,0.18622355163097382,0.13459718227386475,0.03622696176171303,0.7612200975418091
87,0.161533921957016,0.11827827244997025,0.02719447948038578,0.8167023062705994,0.18860922753810883,0.13522763550281525,0.03720633685588837,0.7569615244865417
88,0.1593080759048462,0.11719673126935959,0.026503564789891243,0.8190094232559204,0.18456527590751648,0.1316038966178894,0.035574447363615036,0.7683409452438354
89,0.16066034138202667,0.11825508624315262,0.026978081092238426,0.8203356862068176,0.18653686344623566,0.13323691487312317,0.03648056834936142,0.7620604038238525
90,0.16187216341495514,0.11892808973789215,0.027211051434278488,0.8187777996063232,0.18774119019508362,0.1361093521118164,0.03685436770319939,0.7595343589782715
91,0.1576862931251526,0.11570131033658981,0.025979023426771164,0.8274093270301819,0.1865234524011612,0.13531279563903809,0.03622138872742653,0.7623936533927917
92,0.1598915308713913,0.11740437895059586,0.0265959519892931,0.81913161277771,0.18751974403858185,0.1350029855966568,0.036960016936063766,0.7602553367614746
93,0.16170485317707062,0.11868231743574142,0.027215715497732162,0.816795289516449,0.18996445834636688,0.1406206488609314,0.037506986409425735,0.7527090907096863
94,0.1605185717344284,0.11780732125043869,0.026711823418736458,0.8209911584854126,0.1891493946313858,0.13865254819393158,0.037472695112228394,0.7569084763526917
95,0.15919359028339386,0.11684297770261765,0.026395125314593315,0.8242502212524414,0.188189297914505,0.13584578037261963,0.03733555227518082,0.7601010203361511
96,0.15848654508590698,0.11634782701730728,0.02612808533012867,0.8222326040267944,0.18242603540420532,0.13048824667930603,0.03510788083076477,0.7727303504943848
97,0.15515273809432983,0.11414716392755508,0.02527064085006714,0.83367520570755,0.18616312742233276,0.135000541806221,0.03603506088256836,0.760940670967102
98,0.15608760714530945,0.1145189106464386,0.0254463292658329,0.8281059265136719,0.18195852637290955,0.13148175179958344,0.03456275537610054,0.775672435760498
99,0.15658646821975708,0.1147681474685669,0.025611670687794685,0.8296393752098083,0.18811649084091187,0.13693560659885406,0.03666306287050247,0.7585197687149048
100,0.15598440170288086,0.11463826149702072,0.02542087435722351,0.830242931842804,0.18823076784610748,0.13538986444473267,0.03690030798316002,0.7604659199714661
101,0.1571519672870636,0.11549867689609528,0.025576163083314896,0.8298066258430481,0.19047453999519348,0.1386522650718689,0.03786342218518257,0.7518129944801331
102,0.1564595252275467,0.11558710038661957,0.025515200570225716,0.8265208601951599,0.186074897646904,0.13645830750465393,0.03580488637089729,0.7640270590782166
103,0.15762268006801605,0.11611151695251465,0.025987666100263596,0.827155351638794,0.18538454174995422,0.13474437594413757,0.03598187118768692,0.7664730548858643
104,0.15472230315208435,0.11399464309215546,0.024842463433742523,0.8332749605178833,0.18973781168460846,0.13772597908973694,0.03715147450566292,0.7555213570594788
105,0.15732815861701965,0.11600927263498306,0.025738660246133804,0.827206552028656,0.18666742742061615,0.1366787850856781,0.036095283925533295,0.7619192600250244
106,0.15327325463294983,0.11273785680532455,0.024484459310770035,0.8359856009483337,0.19075240194797516,0.1421704888343811,0.0377161018550396,0.7514217495918274
107,0.15447159111499786,0.11434028297662735,0.024902500212192535,0.8307225108146667,0.18080566823482513,0.12967203557491302,0.033916059881448746,0.7781453132629395
108,0.15407408773899078,0.11335626989603043,0.024627821519970894,0.8338148593902588,0.18362806737422943,0.13364098966121674,0.03505827113986015,0.7704659700393677
109,0.1523360311985016,0.11190605163574219,0.024097606539726257,0.8377489447593689,0.19461481273174286,0.14221282303333282,0.03941243886947632,0.741196870803833
110,0.1520068496465683,0.11120591312646866,0.023976895958185196,0.8400918841362,0.18483342230319977,0.13359396159648895,0.03580643609166145,0.767251193523407
111,0.1521557718515396,0.11185640096664429,0.02410447783768177,0.8370041251182556,0.18131865561008453,0.12985308468341827,0.034087467938661575,0.7763672471046448
112,0.15163494646549225,0.11174065619707108,0.0241075586527586,0.8379372358322144,0.1884780079126358,0.1351894587278366,0.03683706000447273,0.7585754990577698
113,0.15142594277858734,0.11131784319877625,0.02390032820403576,0.8368690609931946,0.18540115654468536,0.13293521106243134,0.0359543077647686,0.7659428119659424
114,0.15108844637870789,0.1113538071513176,0.023752592504024506,0.8420045375823975,0.1967563033103943,0.14779603481292725,0.039921700954437256,0.7352290153503418
115,0.15103910863399506,0.11069485545158386,0.023961558938026428,0.8405696153640747,0.19157584011554718,0.1441991776227951,0.03785739466547966,0.7510307431221008
116,0.1510823369026184,0.11098641902208328,0.023780619725584984,0.8393677473068237,0.18822713196277618,0.13505035638809204,0.036894313991069794,0.7574033141136169
117,0.15274982154369354,0.11239948123693466,0.024209721013903618,0.8398824334144592,0.1840999275445938,0.13053438067436218,0.0354381762444973,0.7678542733192444
118,0.14944666624069214,0.10986851155757904,0.02319866605103016,0.842229962348938,0.18397285044193268,0.1361674964427948,0.03547227382659912,0.7697910070419312
119,0.14972162246704102,0.11065557599067688,0.023305296897888184,0.8440116047859192,0.18760628998279572,0.13825635612010956,0.03649289160966873,0.7622145414352417
120,0.14927701652050018,0.10995332151651382,0.023135775700211525,0.8447784185409546,0.18303127586841583,0.13331292569637299,0.034762464463710785,0.7710347771644592
121,0.14890657365322113,0.11002126336097717,0.02305639162659645,0.8442416787147522,0.18353970348834991,0.1361972987651825,0.03480760008096695,0.76966392993927
122,0.1485816389322281,0.10954169929027557,0.023025058209896088,0.8454588651657104,0.18954125046730042,0.1366981416940689,0.037627678364515305,0.7563596367835999
123,0.14839264750480652,0.10947663336992264,0.022976836189627647,0.8442226648330688,0.1809835135936737,0.1316899061203003,0.034136317670345306,0.7767089009284973
124,0.14777065813541412,0.10826696455478668,0.022682147100567818,0.8470768928527832,0.18150931596755981,0.13002333045005798,0.03447864204645157,0.7753062844276428
125,0.1483137011528015,0.10921976715326309,0.022765478119254112,0.8469709157943726,0.1859021782875061,0.13357292115688324,0.03598041832447052,0.7644050717353821
126,0.14861921966075897,0.10950810462236404,0.022956836968660355,0.8439394235610962,0.17863018810749054,0.1304820477962494,0.03309724107384682,0.7834829688072205
127,0.1465303748846054,0.10856866836547852,0.02241959609091282,0.8493395447731018,0.18133801221847534,0.12985247373580933,0.03440209478139877,0.7768810987472534
128,0.14557184278964996,0.10755050927400589,0.021985601633787155,0.8524592518806458,0.17989681661128998,0.1288076639175415,0.03396349027752876,0.778609037399292
129,0.14710091054439545,0.10846392810344696,0.022507956251502037,0.8480924367904663,0.18353118002414703,0.1326599419116974,0.03528905659914017,0.7682347297668457
130,0.14621123671531677,0.10814764350652695,0.02227160707116127,0.8500006198883057,0.1830412596464157,0.13516494631767273,0.03478273004293442,0.7737301588058472
131,0.14520737528800964,0.10717632621526718,0.02202703431248665,0.8506943583488464,0.18760178983211517,0.13688598573207855,0.03643553704023361,0.7592154741287231
132,0.1458715945482254,0.10767600685358047,0.02210392616689205,0.851931095123291,0.18506363034248352,0.13510797917842865,0.03532932698726654,0.765569269657135
133,0.1457117795944214,0.1077866330742836,0.022195175290107727,0.8517833948135376,0.18673476576805115,0.13509875535964966,0.036513205617666245,0.7618887424468994
134,0.1463189274072647,0.10808870941400528,0.022323952987790108,0.8486533761024475,0.18073409795761108,0.13039787113666534,0.03417694941163063,0.7769985795021057
135,0.14501875638961792,0.10703164339065552,0.02188507840037346,0.8547748923301697,0.17621779441833496,0.1283811330795288,0.032352592796087265,0.7885605096817017
136,0.14534145593643188,0.1071062758564949,0.02196628227829933,0.8529461622238159,0.1891581267118454,0.13953055441379547,0.03690719977021217,0.7539546489715576
137,0.143495112657547,0.10616748034954071,0.021452751010656357,0.8557975888252258,0.18188397586345673,0.12991096079349518,0.034522734582424164,0.7764721512794495
138,0.1439058631658554,0.10595162212848663,0.02145097218453884,0.856776773929596,0.18103837966918945,0.1323292851448059,0.03405335545539856,0.7771926522254944
139,0.14302754402160645,0.10619910806417465,0.021358264610171318,0.8557006120681763,0.17806483805179596,0.13058097660541534,0.033189598470926285,0.7845479249954224
140,0.14463604986667633,0.10690142959356308,0.02185911312699318,0.8540779948234558,0.17831121385097504,0.1287926584482193,0.033182643353939056,0.7827935814857483
141,0.1420351266860962,0.10483085364103317,0.02100222371518612,0.8588213920593262,0.1806786209344864,0.13012979924678802,0.034225113689899445,0.7769175171852112
142,0.14234276115894318,0.10523337125778198,0.021212097257375717,0.8591744303703308,0.1817307472229004,0.1319083422422409,0.034727517515420914,0.7739670872688293
143,0.14135383069515228,0.10451388359069824,0.020871881395578384,0.8599860072135925,0.17733646929264069,0.1260407269001007,0.03282633051276207,0.783961832523346
144,0.14198069274425507,0.10469984263181686,0.020884180441498756,0.8575870990753174,0.18364232778549194,0.13142645359039307,0.035147737711668015,0.7709800004959106
145,0.14163441956043243,0.10468242317438126,0.020910395309329033,0.8625224232673645,0.18812373280525208,0.1346970647573471,0.0369521789252758,0.760550320148468
146,0.14196552336215973,0.10473742336034775,0.021004309877753258,0.8592854142189026,0.18194444477558136,0.1305435299873352,0.034673191606998444,0.7749221920967102
147,0.14234653115272522,0.10533173382282257,0.021208571270108223,0.8565521836280823,0.18435482680797577,0.131045401096344,0.03544878214597702,0.7702082395553589
148,0.14125967025756836,0.10384847968816757,0.0207334216684103,0.8598189353942871,0.1895933300256729,0.13705265522003174,0.03764445334672928,0.7551407217979431
149,0.1396658718585968,0.10334770381450653,0.020387927070260048,0.8626301884651184,0.17922775447368622,0.12853477895259857,0.03346239775419235,0.7784354090690613
150,0.14062799513339996,0.10445721447467804,0.020664740353822708,0.8627790212631226,0.18691886961460114,0.1360420286655426,0.036335911601781845,0.7616238594055176
151,0.1405917853116989,0.10362841188907623,0.020532388240098953,0.8613570332527161,0.18043087422847748,0.12917262315750122,0.034114789217710495,0.7784805297851562
152,0.13940739631652832,0.1026109829545021,0.020312808454036713,0.862878143787384,0.17825500667095184,0.12742550671100616,0.03323643282055855,0.7823639512062073
153,0.13884693384170532,0.10255724936723709,0.020067783072590828,0.8663397431373596,0.17794552445411682,0.12887407839298248,0.033041149377822876,0.7849789261817932
154,0.13914941251277924,0.10280158370733261,0.020257804542779922,0.86430424451828,0.1756659597158432,0.12816770374774933,0.031915850937366486,0.7909386157989502
155,0.1378183364868164,0.10215092450380325,0.01986149698495865,0.8675123453140259,0.18396179378032684,0.13527213037014008,0.03507458046078682,0.7679367661476135
156,0.1375233680009842,0.10140027850866318,0.01967592164874077,0.8666448593139648,0.17892132699489594,0.13115061819553375,0.03309594839811325,0.7834460735321045
157,0.1376739889383316,0.10195229947566986,0.019849637523293495,0.8658071160316467,0.17551055550575256,0.12479869276285172,0.0321054682135582,0.7895472645759583
158,0.1376127004623413,0.1008770614862442,0.019696833565831184,0.8682839870452881,0.17696401476860046,0.12981610000133514,0.03238898143172264,0.787536084651947
159,0.1369727998971939,0.10137157142162323,0.019580166786909103,0.8684837222099304,0.17957228422164917,0.13212130963802338,0.03369057923555374,0.7791892290115356
160,0.13737118244171143,0.1010054498910904,0.01969103142619133,0.8675968647003174,0.17916662991046906,0.12731638550758362,0.03359627351164818,0.780937910079956
161,0.13687266409397125,0.10131809860467911,0.01951163448393345,0.8687687516212463,0.17898814380168915,0.13060560822486877,0.033318258821964264,0.782380998134613
162,0.13599759340286255,0.10122036933898926,0.01928083598613739,0.8700666427612305,0.1808582991361618,0.13100877404212952,0.034225836396217346,0.7760692238807678
163,0.13462044298648834,0.09961000084877014,0.01893557794392109,0.8735339045524597,0.18214207887649536,0.1309354156255722,0.03483128175139427,0.7736350297927856
164,0.13794854283332825,0.1022033765912056,0.019914064556360245,0.8673582673072815,0.17693108320236206,0.1278153657913208,0.03269295394420624,0.784821629524231
165,0.13597911596298218,0.10011586546897888,0.01924273371696472,0.8692572116851807,0.1781006008386612,0.1306733936071396,0.03291667252779007,0.7842134833335876
166,0.13516493141651154,0.09952377527952194,0.01903710700571537,0.8724880814552307,0.1786051243543625,0.1309375911951065,0.03332992270588875,0.7822197675704956
167,0.13464999198913574,0.09890963137149811,0.01881382241845131,0.8729079365730286,0.18640869855880737,0.13759611546993256,0.036120783537626266,0.7586583495140076
168,0.13519862294197083,0.09973393380641937,0.01914943754673004,0.8717259168624878,0.17714476585388184,0.12831619381904602,0.03290528059005737,0.7842291593551636
169,0.13424097001552582,0.09922189265489578,0.01872166432440281,0.8750202655792236,0.17789235711097717,0.12811845541000366,0.03321639448404312,0.7824414372444153
170,0.13484230637550354,0.09989830106496811,0.01903032884001732,0.8724287152290344,0.17609713971614838,0.12587237358093262,0.032498978078365326,0.7855417728424072
171,0.13513119518756866,0.09977732598781586,0.019040556624531746,0.8704388737678528,0.1786697506904602,0.12947072088718414,0.03372891619801521,0.7824429273605347
172,0.13361535966396332,0.09859347343444824,0.018617933616042137,0.8726575374603271,0.17866632342338562,0.12918490171432495,0.03345836326479912,0.781605064868927
173,0.13587473332881927,0.0996825322508812,0.019277261570096016,0.8711639046669006,0.1792467087507248,0.1325882226228714,0.033411599695682526,0.7808429598808289
174,0.13343536853790283,0.09860191494226456,0.018628662452101707,0.8752673864364624,0.17798534035682678,0.12830859422683716,0.033033765852451324,0.7822884321212769
175,0.13452304899692535,0.09930998831987381,0.018840257078409195,0.8729634284973145,0.17825207114219666,0.12745699286460876,0.033331841230392456,0.780975341796875
176,0.1327052116394043,0.09795811027288437,0.018475506454706192,0.8769235014915466,0.18562602996826172,0.13244779407978058,0.036054447293281555,0.7628764510154724
177,0.13401886820793152,0.09878245741128922,0.01869385875761509,0.8740928769111633,0.17946714162826538,0.1286725103855133,0.03373980522155762,0.7779959440231323
178,0.13497382402420044,0.09934832900762558,0.018975257873535156,0.8734592199325562,0.177006796002388,0.12756235897541046,0.03273777291178703,0.787346601486206
179,0.1320277452468872,0.09747786074876785,0.01820983737707138,0.8766670227050781,0.17760661244392395,0.12862791121006012,0.03311071917414665,0.7838718891143799
180,0.13207212090492249,0.09759918600320816,0.018199032172560692,0.8780684471130371,0.17692668735980988,0.12859001755714417,0.032775167375802994,0.7854117155075073
181,0.13211525976657867,0.09745641052722931,0.018274039030075073,0.8766573071479797,0.17683885991573334,0.1297774314880371,0.032575950026512146,0.7863558530807495
182,0.1326543390750885,0.09780047088861465,0.018284708261489868,0.8768329620361328,0.17559866607189178,0.12727250158786774,0.032346609979867935,0.7899007201194763
183,0.13260000944137573,0.09795472770929337,0.018384413793683052,0.8760887384414673,0.17743606865406036,0.1266627013683319,0.03302253410220146,0.7835121154785156
184,0.13048893213272095,0.0964595377445221,0.017884597182273865,0.8801047801971436,0.17541082203388214,0.1263335794210434,0.03222854435443878,0.7896022200584412
185,0.13056805729866028,0.09632542729377747,0.017664460465312004,0.8796586990356445,0.1766258180141449,0.12792930006980896,0.032693807035684586,0.7876869440078735
186,0.13096725940704346,0.09731009602546692,0.017936568707227707,0.8796032667160034,0.1761864423751831,0.12771566212177277,0.03240105137228966,0.785062313079834
187,0.13034304976463318,0.09621002525091171,0.017764324322342873,0.8791428208351135,0.17514874041080475,0.12572312355041504,0.03225122392177582,0.7902767062187195
188,0.13035370409488678,0.0958762913942337,0.017673414200544357,0.879259467124939,0.17850270867347717,0.12844502925872803,0.03305840864777565,0.7809976935386658
189,0.13070721924304962,0.0967727079987526,0.017765210941433907,0.8809462189674377,0.17758674919605255,0.12815378606319427,0.03291040286421776,0.7824546098709106
190,0.13197992742061615,0.09778259694576263,0.018186084926128387,0.8776459693908691,0.18159885704517365,0.13217689096927643,0.03477425500750542,0.7744513750076294
191,0.1307661086320877,0.09692195802927017,0.017867816612124443,0.8788692355155945,0.17783521115779877,0.1295405477285385,0.03302362188696861,0.7822216153144836
192,0.13005295395851135,0.09641928225755692,0.01768837682902813,0.8809301257133484,0.17773307859897614,0.12654727697372437,0.03302494436502457,0.7839832305908203
193,0.13030904531478882,0.0957966074347496,0.017633484676480293,0.8812955617904663,0.17793650925159454,0.13194040954113007,0.03292178735136986,0.7827614545822144
194,0.12922371923923492,0.09501923620700836,0.017385050654411316,0.8828108310699463,0.1806756854057312,0.13088078796863556,0.03393559902906418,0.7764257788658142
195,0.12765394151210785,0.09424632042646408,0.017011873424053192,0.885046660900116,0.17556393146514893,0.12491387128829956,0.03216589614748955,0.7888671159744263
196,0.129301056265831,0.09537620842456818,0.01738913543522358,0.8830659985542297,0.18038581311702728,0.13022418320178986,0.033578306436538696,0.7753103971481323
197,0.12871906161308289,0.09532687067985535,0.017249464988708496,0.8833829164505005,0.17785397171974182,0.1287078559398651,0.03275609388947487,0.782481849193573
198,0.12724512815475464,0.09452378749847412,0.016926275566220284,0.8843493461608887,0.17605409026145935,0.12666553258895874,0.03231178969144821,0.7880050539970398
199,0.12843920290470123,0.09500900655984879,0.017293427139520645,0.8815609812736511,0.17674709856510162,0.1277233064174652,0.03255649656057358,0.7877992987632751
200,0.12659984827041626,0.09313709288835526,0.01680450141429901,0.8874371647834778,0.17442406713962555,0.12509256601333618,0.03182884305715561,0.7910754680633545
201,0.12778954207897186,0.09426959604024887,0.017090650275349617,0.8851727247238159,0.17735354602336884,0.1274835169315338,0.03292195498943329,0.7837140560150146
202,0.12733937799930573,0.09370219707489014,0.01694515161216259,0.8859843015670776,0.17843256890773773,0.12879344820976257,0.03317929431796074,0.7815268635749817
203,0.1272137314081192,0.09370088577270508,0.016919823363423347,0.8861931562423706,0.17800292372703552,0.12654708325862885,0.03317475691437721,0.7812851071357727
204,0.12820720672607422,0.09496977180242538,0.017208978533744812,0.8838797211647034,0.17442205548286438,0.12697690725326538,0.031736478209495544,0.7924938201904297
205,0.12712614238262177,0.09407923370599747,0.01692534051835537,0.88564133644104,0.1782207489013672,0.12692323327064514,0.033480845391750336,0.7803856730461121
206,0.12805573642253876,0.0948101282119751,0.01711367443203926,0.8852512836456299,0.17782746255397797,0.12804901599884033,0.03299843147397041,0.7829145789146423
207,0.12625782191753387,0.09337890148162842,0.016665875911712646,0.8870410919189453,0.1762768179178238,0.1258838176727295,0.032403364777565,0.7876014709472656
208,0.1251121461391449,0.09262813627719879,0.016338465735316277,0.888518214225769,0.1784197837114334,0.12768931686878204,0.033341262489557266,0.7787957787513733
209,0.12665686011314392,0.09368821978569031,0.01663070172071457,0.8862351775169373,0.1808444708585739,0.13084132969379425,0.03417443111538887,0.7731398344039917
210,0.1268816888332367,0.09417105466127396,0.016820590943098068,0.8869710564613342,0.1765533834695816,0.12674669921398163,0.032680559903383255,0.7841471433639526
211,0.1254902184009552,0.0931701585650444,0.016458727419376373,0.8881809711456299,0.18189303576946259,0.13138447701931,0.03464631363749504,0.7711111903190613
212,0.12742990255355835,0.09385807812213898,0.017046954482793808,0.8840179443359375,0.17682325839996338,0.12807169556617737,0.03246709704399109,0.7840607762336731
213,0.12667906284332275,0.09359484165906906,0.016708219423890114,0.8849512338638306,0.17490604519844055,0.1260719895362854,0.03182024508714676,0.7898902297019958
214,0.12555836141109467,0.0928817093372345,0.016509603708982468,0.8901476860046387,0.17388656735420227,0.1270947903394699,0.03139598295092583,0.7924683690071106
215,0.12336526811122894,0.091831274330616,0.015967918559908867,0.8934299349784851,0.17724654078483582,0.12754380702972412,0.03299529105424881,0.7793927788734436
216,0.12375947088003159,0.09164641052484512,0.015980638563632965,0.8922717571258545,0.1748005896806717,0.1260056495666504,0.03183409571647644,0.7917647361755371
217,0.1251792460680008,0.09253797680139542,0.016389574855566025,0.8902287483215332,0.17677247524261475,0.1274869740009308,0.032584525644779205,0.7817410230636597
218,0.12551887333393097,0.09265653789043427,0.016512202098965645,0.8891239166259766,0.1771196573972702,0.12623155117034912,0.032913416624069214,0.7831928133964539
219,0.12611854076385498,0.09312479943037033,0.016557801514863968,0.8874942064285278,0.17550846934318542,0.12686853110790253,0.03201061487197876,0.7890920042991638
220,0.12272311002016068,0.09089180827140808,0.015766847878694534,0.8935006856918335,0.18529720604419708,0.13495516777038574,0.03579321131110191,0.7596017122268677
221,0.12534663081169128,0.0929597020149231,0.016494860872626305,0.8894966840744019,0.17601796984672546,0.12631061673164368,0.03249729424715042,0.7877967357635498
222,0.12326974421739578,0.09161805361509323,0.015959156677126884,0.8933392763137817,0.18226298689842224,0.1326702982187271,0.03446001559495926,0.7688526511192322
223,0.12472126632928848,0.09234919399023056,0.016261432319879532,0.8882498145103455,0.17482684552669525,0.12476533651351929,0.031471122056245804,0.7890274524688721
224,0.12391409277915955,0.09205885231494904,0.01605280116200447,0.8927839994430542,0.17996935546398163,0.1282666176557541,0.03381194546818733,0.777398943901062
225,0.122969850897789,0.0911792740225792,0.015812626108527184,0.8922232985496521,0.17728130519390106,0.12664838135242462,0.03303723409771919,0.7807971835136414
226,0.12291333824396133,0.0904913991689682,0.01578509248793125,0.8939005136489868,0.17479631304740906,0.1240743100643158,0.031759291887283325,0.7902180552482605
227,0.12247675657272339,0.09086326509714127,0.015713319182395935,0.8924371004104614,0.18001624941825867,0.1283000409603119,0.033709172159433365,0.7766770720481873
228,0.12362872809171677,0.09139463305473328,0.015887070447206497,0.8923963308334351,0.17799529433250427,0.12752503156661987,0.033010609447956085,0.7816463708877563
229,0.12344635277986526,0.09121867269277573,0.015822920948266983,0.8919460773468018,0.17865394055843353,0.12850907444953918,0.03328337520360947,0.7797878980636597
230,0.12217944860458374,0.08996067941188812,0.015526614151895046,0.8949931859970093,0.17817065119743347,0.12900783121585846,0.03299616649746895,0.7797667980194092
231,0.12124985456466675,0.08958008140325546,0.015387386083602905,0.8968859314918518,0.17604871094226837,0.1249176561832428,0.032317183911800385,0.7859138250350952
232,0.1242719292640686,0.09233849495649338,0.016112294048070908,0.8930932283401489,0.17642121016979218,0.1258883774280548,0.03262055292725563,0.7857860922813416
233,0.12118503451347351,0.0898742601275444,0.015322389081120491,0.8969916701316833,0.17580252885818481,0.12600219249725342,0.03230736032128334,0.7863444089889526
234,0.1206328421831131,0.08932676166296005,0.015226404182612896,0.8975058197975159,0.1738799512386322,0.1246655210852623,0.03129790350794792,0.7916057705879211
235,0.12198545038700104,0.09003657847642899,0.015531773678958416,0.8958137035369873,0.17500603199005127,0.12551064789295197,0.03204486146569252,0.7886733412742615
236,0.11997102946043015,0.0888802781701088,0.014999033883213997,0.8987416625022888,0.17655068635940552,0.12647481262683868,0.032511305063962936,0.7839912176132202
237,0.12187570333480835,0.09002795070409775,0.015489431098103523,0.894345223903656,0.17434002459049225,0.12400435656309128,0.0316028967499733,0.7891170382499695
238,0.12048721313476562,0.08941657841205597,0.015196796506643295,0.8980304598808289,0.1771910935640335,0.12771070003509521,0.03279446065425873,0.7837314009666443
239,0.12124432623386383,0.08974059671163559,0.015284568071365356,0.8966968059539795,0.17140261828899384,0.1222529485821724,0.030292415991425514,0.7962821125984192
240,0.12049607187509537,0.08865934610366821,0.015217900276184082,0.895635187625885,0.17498429119586945,0.1269988715648651,0.03149249032139778,0.789885401725769
241,0.1193888857960701,0.08836964517831802,0.014928554184734821,0.8994261026382446,0.17881251871585846,0.12914860248565674,0.033012505620718,0.7793444395065308
242,0.12156282365322113,0.0901632010936737,0.01551546435803175,0.89728844165802,0.17263276875019073,0.12405874580144882,0.030749378725886345,0.794270396232605
243,0.11988487094640732,0.08834943920373917,0.015151428058743477,0.8987627029418945,0.17457199096679688,0.12608475983142853,0.03187955170869827,0.7900027632713318
244,0.12100426852703094,0.08897899091243744,0.015219270251691341,0.8971287608146667,0.176539346575737,0.1265275776386261,0.03244858607649803,0.784608006477356
245,0.11949357390403748,0.08795448392629623,0.014909784309566021,0.8979184627532959,0.1769302934408188,0.12790434062480927,0.03264318406581879,0.7857922315597534
246,0.12155713140964508,0.09035181999206543,0.015380578115582466,0.8955533504486084,0.1761416643857956,0.12714454531669617,0.03243475407361984,0.7866839170455933
247,0.11899928003549576,0.08834081888198853,0.014762377366423607,0.9017717242240906,0.17581191658973694,0.126413032412529,0.03229401633143425,0.7869507074356079
248,0.12072769552469254,0.08928291499614716,0.015288934111595154,0.895035445690155,0.17646220326423645,0.1278320550918579,0.03250782936811447,0.7859312891960144
249,0.11992966383695602,0.0886416882276535,0.014967740513384342,0.8999392986297607,0.17171528935432434,0.1248127892613411,0.030567070469260216,0.7971380949020386
250,0.1193397268652916,0.08814737200737,0.014867980033159256,0.900333821773529,0.17458543181419373,0.12403155863285065,0.03177846595644951,0.7914541959762573
251,0.11939234286546707,0.08846242725849152,0.01488573383539915,0.8991487622261047,0.17406892776489258,0.12531878054141998,0.03170638903975487,0.7892289757728577
252,0.11862234026193619,0.08814173191785812,0.014721895568072796,0.901746392250061,0.17547479271888733,0.12766505777835846,0.03193451464176178,0.7862969040870667
253,0.12172039598226547,0.08977322280406952,0.015445299446582794,0.8942258954048157,0.17380169034004211,0.12491228431463242,0.03147592395544052,0.7930846214294434
254,0.11823303997516632,0.0877590999007225,0.014669054187834263,0.901836097240448,0.1754782497882843,0.12556219100952148,0.03181810304522514,0.7882199287414551
255,0.11815052479505539,0.08748429268598557,0.014606425538659096,0.9009274244308472,0.17333447933197021,0.12601003050804138,0.030990449711680412,0.7939115166664124
256,0.11975254118442535,0.08864634484052658,0.015083426609635353,0.8977970480918884,0.1759309470653534,0.1264275312423706,0.03229057416319847,0.7879173755645752
257,0.11768792569637299,0.08737380802631378,0.014440909959375858,0.9025061726570129,0.17745579779148102,0.12727504968643188,0.03304542973637581,0.7814896702766418
258,0.11725249886512756,0.08663872629404068,0.014449365437030792,0.9006875157356262,0.1760324388742447,0.12607918679714203,0.0323660746216774,0.7868903279304504
259,0.1188768818974495,0.08798333257436752,0.01482236199080944,0.8993191719055176,0.17281337082386017,0.1230410486459732,0.03134038671851158,0.7944928407669067
260,0.11745264381170273,0.0866599753499031,0.014429247938096523,0.9036028385162354,0.174638569355011,0.12535341084003448,0.031999945640563965,0.7900398969650269
261,0.1175788938999176,0.08649276196956635,0.014428988099098206,0.9027695655822754,0.17479604482650757,0.12393493950366974,0.03194388747215271,0.7896317839622498
262,0.1166045218706131,0.08630871027708054,0.014328652061522007,0.9020098447799683,0.17428497970104218,0.12379604578018188,0.03143513575196266,0.7874313592910767
263,0.11752288788557053,0.08700601011514664,0.014396375976502895,0.9033861756324768,0.1735123097896576,0.12528711557388306,0.031184110790491104,0.7914543747901917
264,0.11721954494714737,0.086955226957798,0.014346237294375896,0.9008206725120544,0.17323844134807587,0.12301758676767349,0.031237313523888588,0.7916620969772339
265,0.11683639138936996,0.08628280460834503,0.014313574880361557,0.9031573534011841,0.1746058166027069,0.12520426511764526,0.03153657540678978,0.7909542918205261
266,0.11768598854541779,0.08718288689851761,0.014442309737205505,0.9035735130310059,0.17855635285377502,0.12877897918224335,0.0331905372440815,0.7784507870674133
267,0.11580366641283035,0.08546795696020126,0.014013183303177357,0.9036552906036377,0.17586927115917206,0.12534262239933014,0.032377973198890686,0.7860552668571472
268,0.1175936907529831,0.08694051951169968,0.014487390406429768,0.9015227556228638,0.1765964925289154,0.12752164900302887,0.03225436434149742,0.7854166626930237
269,0.11648474633693695,0.08635571599006653,0.014209382236003876,0.9034181833267212,0.1760924756526947,0.12588119506835938,0.03237398713827133,0.7862411737442017
